"Player ID","Name","Kills","Deaths","K/D","Max kill streak","Kill(s) / minute","Death(s) / minute","Max death streak","Max TK streak","Death by TK","Death by TK Streak","(aprox.) Longest life min.","(aprox.) Shortest life secs.","Nemesis","Victim","Combat Effectiveness","Support Points","Defensive Points","Offensive Points","Weapons","Death by Weapons"
"76561198003264639","The Goomotrain","0","0","0","0","0","0","0","0","0","0","0","9999","{}","{}","0","0","1700","0","{}","{}"
"76561198076217035","R E A P","50","66","0.76","5","0.6","0.8","14","1","1","1","282","15","{""PUCK"":3,""FLERG"":2,""JЖCK"":2,""Mongo"":4,""Convenant"":1,""Ж | Mage"":7,""✿ Seely"":1,""》Sherby"":2,""нѕ | nes"":3,""Stellar-INF"":3,""Ж | Whiskey"":2,""PapaBearBaker"":2,""Ж | DankNugz"":3,""Ж | OG Panda"":3,""Ж | Tadiktor"":1,""TouchMyGangsta"":4,""Ж | y U h ※"":1,""DooperDupinskie"":1,""Ж︎ | Poptart"":4,""Ж | Eragon123※"":2,""• The China Guy"":1,""Ж | Crystal Claude"":7,""Ж︎ | No Chill Anna"":4,""My Ego > Bad Intentions"":3}","{""."":4,""PUCK"":3,""FLERG"":1,""Mongo"":1,""zesty"":1,""Ж | Wix"":3,""》Sherby"":1,""Stellar-INF"":5,""Ж | Davako"":1,""Ж | Whiskey"":3,""PapaBearBaker"":2,""Ж | DankNugz"":3,""Ж | OG Panda"":3,""Ж︎ | bones"":1,""Ж | y U h ※"":3,""DooperDupinskie"":2,""Ж︎ | Poptart"":1,""• The China Guy"":3,""Ж | Crystal Claude"":7,""Ж︎ | No Chill Anna"":2}","496","505","420","480","{""STG44"":36,""S-MINE"":1,""SATCHEL"":3,""GEWEHR 43"":7,""PANZERSCHRECK"":1,""M43 STIELHANDGRANATE"":2}","{""BAZOOKA"":1,""M1 GARAND"":42,""MK2 GRENADE"":3,""M1A1 THOMPSON"":2,""M3 GREASE GUN"":1,""BROWNING M1919"":6,""M97 TRENCH GUN"":1,""155MM HOWITZER [M114]"":7,""75MM CANNON [Sherman M4A3(75)W]"":1,""76MM M1 GUN [Sherman M4A3E2(76)]"":2}"
"76561199069215390","=Krombopulous_MYKL=","21","54","0.39","3","0.25","0.65","10","0","0","0","270","13","{""PUCK"":1,""FLERG"":1,""JЖCK"":2,""Large"":3,""Mongo"":2,""zesty"":1,""MUG..."":3,""Ξ Sanzu"":1,""Ж | Wix"":1,""Convenant"":1,""Ж | Mage"":5,""Ж | Rath"":3,""✿ Seely"":2,""》Sherby"":1,""wolf pussy"":2,""нѕ | nes"":1,""нs | Widow"":2,""Ж | Whiskey"":4,""Ж | DankNugz"":1,""Ж | OG Panda"":2,""Ж | Tadiktor"":2,""TouchMyGangsta"":1,""DooperDupinskie"":3,""Ж︎ | Poptart"":3,""Ж | Orangeblack"":1,""Ж | Crystal Claude"":1,""Ж︎ | No Chill Anna"":2,""Ж︎ | -TL- Monster_Corndog"":2}","{""PUCK"":1,""FLERG"":2,""Large"":1,""MUG..."":1,""Ξ Sanzu"":1,""Ж | Rath"":2,""》Sherby"":2,""нs | Widow"":1,""Ж | Whiskey"":1,""Ж | DankNugz"":2,""Ж | OG Panda"":2,""Ж | Tadiktor"":1,""DooperDupinskie"":1,""Ж︎ | Poptart"":1,""Ж | Crystal Claude"":1,""My Ego > Bad Intentions"":1}","204","575","780","280","{""GEWEHR 43"":21}","{""M1 GARAND"":35,""HULL M1919"":1,""M2 AP MINE"":1,""MK2 GRENADE"":2,""BROWNING M1919"":5,""155MM HOWITZER [M114]"":5,""75MM CANNON [Sherman M4A3(75)W]"":2,""76MM M1 GUN [Sherman M4A3E2(76)]"":2,""COAXIAL M1919 [Sherman M4A3(75)W]"":1}"
"76561198147443484","• The China Guy","35","17","2.06","9","0.42","0.21","3","0","1","1","1652","17","{""DJ"":4,""kapk"":2,""Жan"":2,""=Vidar="":1,""R E A P"":3,""=Oresto="":1,""MrKravs33"":1,""WinnableSleet"":1,""=LordFarquaad="":1,""вит | Ventil8"":1}","{""kapk"":5,""Жan"":2,""Swift"":3,""=R3C0N="":1,""R E A P"":1,""=Oresto="":1,""MrKravs33"":1,""=ApachiJr="":1,""=Wurlstar="":3,""WhiskyPilot"":2,""WinnableSleet"":2,""ﾒ Bobothemonk"":3,""ВOTИ | Archytek"":2,""Ξ FreeTheChickens"":1,""в●ти | =exel="":2,""MS | Smurf 我很爛"":3,""Ξ вит | Comrade Grimm"":1,""=Girth Brooks=(THICC)(CLWN)"":1}","426","465","1280","0","{""BAZOOKA"":6,""M1 GARAND"":29}","{""STG44"":2,""S-MINE"":1,""GEWEHR 43"":6,""KARABINER 98K"":3,""150MM HOWITZER [sFH 18]"":4,""50mm KwK 39/1 [Sd.Kfz.234 Puma]"":1}"
"76561198056882915","=Girth Brooks=(THICC)(CLWN)","46","64","0.72","7","0.55","0.76","10","0","1","1","226","19","{""PUCK"":3,""FLERG"":3,""Large"":1,""Mongo"":2,""Trots"":2,""zesty"":2,""Ж | 3fm"":1,""Ж | Wix"":1,""Convenant"":3,""Ж | Mage"":9,""Ж | Rath"":1,""》Sherby"":3,""wolf pussy"":1,""нѕ | nes"":1,""Ж | Davako"":1,""Ж | Whiskey"":2,""Ж | DankNugz"":2,""Ж | OG Panda"":3,""Ж︎ | bones"":1,""TouchMyGangsta"":2,""Ж | y U h ※"":1,""DooperDupinskie"":3,""Ж︎ | Poptart"":2,""Ж | Orangeblack"":1,""• The China Guy"":1,""Ж | Crystal Claude"":3,""Ж︎ | No Chill Anna"":6,""My Ego > Bad Intentions"":2,""Ж︎ | -TL- Monster_Corndog"":1}","{""."":3,""PUCK"":5,""FLERG"":2,""Large"":1,""Ж | 3fm"":3,""Convenant"":2,""Ж | Rath"":1,""wolf pussy"":1,""Stellar-INF"":3,""Ж | Davako"":2,""нs | Widow"":1,""PapaBearBaker"":1,""Ж | DankNugz"":1,""Ж | OG Panda"":3,""Ж︎ | bones"":2,""Ж | y U h ※"":1,""DooperDupinskie"":4,""Ж | Eragon123※"":1,""Ж | Crystal Claude"":5,""Ж︎ | No Chill Anna"":2,""My Ego > Bad Intentions"":1,""Ж︎ | -TL- Monster_Corndog"":1}","426","2795","500","440","{""GEWEHR 43"":45,""KARABINER 98K"":1}","{""BAZOOKA"":1,""M1 GARAND"":45,""M1 CARBINE"":1,""M3 GREASE GUN"":1,""TELLERMINE 43"":1,""BROWNING M1919"":4,""155MM HOWITZER [M114]"":9,""HULL M1919 [Sherman M4A3E2(76)]"":1,""76MM M1 GUN [Sherman M4A3E2(76)]"":1}"
"76561198067777046","Ж | OG Panda","45","46","0.98","4","0.54","0.56","5","0","0","0","453","20","{""DJ"":3,""B3n"":4,""kapk"":2,""Will b"":1,""=Caono="":2,""R E A P"":3,""D' Bearz"":1,""MrKravs33"":5,""=Krusader="":4,""=Wurlstar="":2,""airaparent"":1,""=LordBarst="":4,""Capt.Taylor"":1,""WhiskyPilot"":1,""=Just Win Baby="":1,""ﾒ Bobothemonk"":2,""в●ти | =exel="":1,""=Krombopulous_MYKL="":2,""вит | Phat_Cheeks57"":3,""=Girth Brooks=(THICC)(CLWN)"":3}","{""B3n"":1,""kapk"":3,""Ralfus"":1,""=Caono="":2,""=Vidar="":1,""R E A P"":3,""D' Bearz"":1,""MrKravs33"":2,""=Krusader="":1,""=Wurlstar="":5,""airaparent"":1,""=LordBarst="":4,""Capt.Taylor"":2,""Crazy_boots"":1,""WinnableSleet"":1,""ﾒ Bobothemonk"":6,""ВOTИ | Archytek"":2,""=Krombopulous_MYKL="":2,""вит | Phat_Cheeks57"":2,""Ξ вит | Comrade Grimm"":1,""=Girth Brooks=(THICC)(CLWN)"":3}","477","1116","540","700","{""M1 GARAND"":43,""MK2 GRENADE"":2}","{""MG42"":12,""STG44"":4,""FG42 x4"":1,""GEWEHR 43"":21,""KARABINER 98K"":4,""150MM HOWITZER [sFH 18]"":3,""COAXIAL MG34 [Sd.Kfz.181 Tiger 1]"":1}"
"76561198142719018","=LordFarquaad=","55","68","0.81","7","0.65","0.81","7","1","2","1","182","18","{""PUCK"":3,""FLERG"":2,""Large"":1,""Mongo"":6,""Trots"":1,""MUG..."":5,""Ξ Sanzu"":5,""Convenant"":3,""Ж | Rath"":1,""✿ Seely"":4,""》Sherby"":6,""wolf pussy"":1,""Ж | Davako"":4,""нs | Widow"":4,""Ж | Whiskey"":1,""PapaBearBaker"":5,""Ж | y U h ※"":1,""DooperDupinskie"":1,""Ж︎ | Poptart"":1,""Ж | wildcard.NS"":2,""Ж | Eragon123※"":3,""Ж | yourmomsmother"":1,""Ж︎ | No Chill Anna"":1,""Ж︎ | Foxhole Norman"":1,""My Ego > Bad Intentions"":1,""Ж︎ | -TL- Monster_Corndog"":4}","{""."":1,""PUCK"":2,""FLERG"":1,""Large"":2,""Mongo"":5,""zesty"":1,""MUG..."":4,""Ξ Sanzu"":4,""Convenant"":2,""Ж | Rath"":1,""✿ Seely"":4,""》Sherby"":2,""Ж | HeiZa"":1,""нѕ | nes"":3,""Stellar-INF"":1,""Ж | Davako"":6,""нs | Widow"":3,""Ж | PiscisK"":1,""Ж | Tadiktor"":1,""Ж︎ | bones"":1,""Ж | Orangeblack"":2,""Ж | wildcard.NS"":2,""Ж | Eragon123※"":1,""• The China Guy"":1,""Ж︎ | Foxhole Norman"":1,""My Ego > Bad Intentions"":1,""Ж︎ | -TL- Monster_Corndog"":1}","693","3000","240","700","{""MP40"":12,""STG44"":10,""S-MINE"":1,""SATCHEL"":7,""GEWEHR 43"":21,""KARABINER 98K"":3,""PANZERSCHRECK"":1}","{""BAZOOKA"":1,""M1 GARAND"":57,""BROWNING M1919"":8,""HULL M1919 [Sherman M4A3E2(76)]"":1,""76MM M1 GUN [Sherman M4A3E2(76)]"":1}"
"76561199150554568","=LordBarst=","18","35","0.51","2","0.21","0.42","5","0","1","1","470","23","{""PUCK"":1,""JЖCK"":1,""Large"":1,""zesty"":5,""Ξ Sanzu"":1,""Convenant"":1,""wolf pussy"":1,""нѕ | nes"":2,""нs | Widow"":1,""Ж | PiscisK"":4,""Ж | Whiskey"":1,""Ж | OG Panda"":4,""TouchMyGangsta"":3,""DooperDupinskie"":2,""Ж︎ | Poptart"":2,""Ж | wildcard.NS"":1,""Ж | Crystal Claude"":1,""My Ego > Bad Intentions"":2,""Ж︎ | -TL- Monster_Corndog"":1}","{""Ж | Rath"":1,""wolf pussy"":1,""Stellar-INF"":2,""Ж | PiscisK"":1,""Ж | Whiskey"":3,""Ж | OG Panda"":4,""My Ego > Bad Intentions"":6}","204","1009","1240","60","{""GEWEHR 43"":18}","{""UNKNOWN"":1,""M1 GARAND"":27,""BROWNING M1919"":5,""37MM CANNON [Stuart M5A1]"":1,""76MM M1 GUN [Sherman M4A3E2(76)]"":1}"
"76561198082028835","ULFBERHT","1","15","0.07","1","0.01","0.18","13","0","0","0","1106","30","{""FLERG"":1,""JЖCK"":3,""Trots"":1,""Ξ Sanzu"":1,""Everblack"":1,""Ж | Mage"":2,""✿ Seely"":1,""Ж | Davako"":1,""Ж | Tadiktor"":2,""Ж | Crystal Claude"":1,""Ж︎ | -TL- Monster_Corndog"":1}","{""Ж | 3fm"":1}","272","40","1100","360","{""Sd.Kfz.121 Luchs"":1}","{""BAZOOKA"":2,""M1 GARAND"":3,""BROWNING M1919"":1,""PRECISION STRIKE"":1,""155MM HOWITZER [M114]"":2,""75MM CANNON [Sherman M4A3(75)W]"":1,""76MM M1 GUN [Sherman M4A3E2(76)]"":5}"
"76561197960399869","Ж | 3fm","3","15","0.2","2","0.04","0.18","9","1","2","1","1640","20","{""DJ"":3,""=Oresto="":1,""ULFBERHT"":1,""MrKravs33"":2,""Crazy_boots"":1,""ﾒ Bobothemonk"":2,""MS | Smurf 我很爛"":2,""=Girth Brooks=(THICC)(CLWN)"":3}","{""D' Bearz"":1,""ﾒ Bobothemonk"":1,""=Girth Brooks=(THICC)(CLWN)"":1}","26","543","1500","0","{""M1 GARAND"":3}","{""STG44"":1,""GEWEHR 43"":8,""KARABINER 98K"":2,""Sd.Kfz.121 Luchs"":1,""150MM HOWITZER [sFH 18]"":3}"
"76561198123793714","Ж | Eragon123※","58","18","3.22","15","0.69","0.21","5","0","0","0","1107","33","{""DJ"":3,""=Oresto="":1,""=Krusader="":3,""Crazy_boots"":1,""SeatingChart"":2,""=LordFarquaad="":1,""ВOTИ | Archytek"":2,""Ξ FreeTheChickens"":1,""Ж | =Alotta Bush="":1,""в●ти | =exel="":1,""Ξ вит | Comrade Grimm"":1,""=Girth Brooks=(THICC)(CLWN)"":1}","{""kapk"":2,""Жan"":1,""Swift"":2,""Ralfus"":3,""Rob491"":1,""=Nerdy="":1,""=Vidar="":3,""R E A P"":2,""=Oresto="":2,""D' Bearz"":2,""=Krusader="":1,""airaparent"":3,""Capt.Taylor"":2,""Crazy_boots"":1,""SeatingChart"":2,""Vomit Coffin"":2,""=LordFarquaad="":3,""I_NoScoped_JFK"":1,""=Just Win Baby="":3,""ﾒ Bobothemonk"":1,""=Gatrick Swayze="":4,""вит | Ventil8"":2,""Ж | =Alotta Bush="":4,""в●ти | =exel="":3,""MS | Smurf 我很爛"":2,""вит | Phat_Cheeks57"":4,""Ξ вит | Comrade Grimm"":1}","627","2735","1320","20","{""COLT M1911"":2,""BROWNING M1919"":56}","{""MG42"":2,""MP40"":1,""FG42 x4"":1,""GEWEHR 43"":5,""LUGER P08"":1,""KARABINER 98K"":4,""150MM HOWITZER [sFH 18]"":3,""COAXIAL MG34 [Sd.Kfz.234 Puma]"":1}"
"76561198319597023","BasicallyZack","18","11","1.64","6","0.21","0.13","6","1","0","0","1147","109","{""JЖCK"":2,""Large"":1,""Mongo"":1,""Ж | Rath"":1,""✿ Seely"":1,""Ж | Davako"":1,""Ж | Tadiktor"":4}","{""FLERG"":1,""Large"":1,""Ξ Sanzu"":1,""Ж | Wix"":2,""Ж | Rath"":1,""Ж | HeiZa"":2,""Ж | Whiskey"":1,""Ж | Tadiktor"":2,""Ж | Orangeblack"":2,""Ж | wildcard.NS"":2,""Ж︎ | -TL- Monster_Corndog"":3}","650","355","1000","400","{""WALTHER P38"":1,""COAXIAL MG34 [Sd.Kfz.181 Tiger 1]"":2,""75MM CANNON [Sd.Kfz.161 Panzer IV]"":5,""88 KWK 36 L/56 [Sd.Kfz.181 Tiger 1]"":8,""COAXIAL MG34 [Sd.Kfz.161 Panzer IV]"":2}","{""BAZOOKA"":3,""M1 GARAND"":2,""37MM CANNON [Stuart M5A1]"":1,""76MM M1 GUN [Sherman M4A3E2(76)]"":5}"
"76561199213327186","вит | Phat_Cheeks57","39","55","0.71","9","0.46","0.65","8","0","0","0","360","18","{""."":3,""PUCK"":1,""FLERG"":1,""JЖCK"":1,""Mongo"":2,""Trots"":1,""MUG..."":1,""Ξ Sanzu"":1,""Convenant"":7,""Ж | Mage"":4,""Ж | Rath"":1,""wolf pussy"":2,""Stellar-INF"":1,""нs | Widow"":1,""Ж | Whiskey"":1,""PapaBearBaker"":1,""Ж | DankNugz"":4,""Ж | OG Panda"":2,""Ж | Tadiktor"":1,""Ж︎ | bones"":1,""TouchMyGangsta"":5,""DooperDupinskie"":2,""Ж︎ | Poptart"":4,""Ж | Eragon123※"":4,""Ж | Crystal Claude"":1,""Ж | yourmomsmother"":1,""Ж︎ | -TL- Monster_Corndog"":1}","{""PUCK"":1,""FLERG"":1,""Large"":2,""Mongo"":2,""Trots"":1,""Ξ Sanzu"":2,""Convenant"":2,""Ж | Rath"":1,""✿ Seely"":1,""нs | Widow"":3,""Ж | Whiskey"":1,""Ж | DankNugz"":3,""Ж | OG Panda"":3,""Ж︎ | bones"":1,""Ж | y U h ※"":2,""DooperDupinskie"":5,""Ж︎ | Poptart"":1,""Ж | Crystal Claude"":3,""Ж | yourmomsmother"":1,""Ж︎ | No Chill Anna"":2,""Ж︎ | Foxhole Norman"":1}","432","40","600","400","{""MG42"":37,""PANZERSCHRECK"":2}","{""M1 GARAND"":32,""COLT M1911"":1,""M1 CARBINE"":1,""M3 GREASE GUN"":2,""BROWNING M1919"":11,""155MM HOWITZER [M114]"":4,""HULL M1919 [Stuart M5A1]"":1,""COAXIAL M1919 [Stuart M5A1]"":1,""76MM M1 GUN [Sherman M4A3E2(76)]"":1,""COAXIAL M1919 [Sherman M4A3E2(76)]"":1}"
"76561198065870287","в●ти | =exel=","24","70","0.34","4","0.29","0.85","18","2","1","1","188","17","{""PUCK"":1,""JЖCK"":1,""Large"":9,""Mongo"":4,""Trots"":7,""MUG..."":1,""Ξ Sanzu"":2,""Convenant"":5,""Ж | Mage"":4,""Ж | Rath"":5,""✿ Seely"":3,""》Sherby"":4,""wolf pussy"":2,""нѕ | nes"":1,""Ж | Davako"":2,""нs | Widow"":3,""Ж | PiscisK"":2,""PapaBearBaker"":4,""Ж | Tadiktor"":1,""TouchMyGangsta"":1,""Ж | wildcard.NS"":1,""Ж | Eragon123※"":3,""• The China Guy"":2,""Ж︎ | Foxhole Norman"":1,""Ж︎ | -TL- Monster_Corndog"":1}","{""Large"":3,""Mongo"":3,""MUG..."":1,""Ξ Sanzu"":1,""Ж | Wix"":2,""Ж | Rath"":2,""нѕ | nes"":1,""Ж | Davako"":3,""нs | Widow"":1,""Ж | OG Panda"":1,""Ж︎ | bones"":1,""Ж | wildcard.NS"":1,""Ж | Eragon123※"":1,""Ж︎ | Foxhole Norman"":1,""My Ego > Bad Intentions"":1,""Ж︎ | -TL- Monster_Corndog"":1}","282","394","280","580","{""MP40"":1,""STG44"":1,""GEWEHR 43"":2,""KARABINER 98K"":17,""PANZERSCHRECK"":3}","{""BAZOOKA"":1,""SATCHEL"":1,""M1 GARAND"":45,""M3 GREASE GUN"":1,""BROWNING M1919"":8,""155MM HOWITZER [M114]"":4,""COAXIAL M1919 [M8 Greyhound]"":1,""76MM M1 GUN [Sherman M4A3E2(76)]"":5,""COAXIAL M1919 [Sherman M4A3E2(76)]"":4}"
"76561198116869457","Ξ вит | 季赛冠军","38","29","1.31","5","0.46","0.35","4","0","0","0","594","37","{""Mongo"":2,""MUG..."":3,""Ξ Sanzu"":4,""Convenant"":2,""Ж | Mage"":1,""Ж | Rath"":2,""✿ Seely"":6,""Ж | Davako"":2,""нs | Widow"":3,""Ж | PiscisK"":2,""PapaBearBaker"":2}","{""Large"":3,""zesty"":2,""MUG..."":1,""Ξ Sanzu"":1,""Convenant"":4,""Ж | Rath"":2,""✿ Seely"":4,""》Sherby"":2,""нs | Widow"":5,""Ж | PiscisK"":4,""PapaBearBaker"":2,""Ж︎ | bones"":1,""Ж | wildcard.NS"":3,""Ж︎ | Foxhole Norman"":2,""My Ego > Bad Intentions"":1,""Ж︎ | -TL- Monster_Corndog"":1}","372","550","240","880","{""GEWEHR 43"":38}","{""M1 GARAND"":28,""155MM HOWITZER [M114]"":1}"
"76561198022154001","Ж | wildcard.NS","23","25","0.92","7","0.28","0.3","4","1","3","2","1133","24","{""DJ"":2,""kapk"":2,""Жan"":3,""Will b"":1,""=Oresto="":1,""More Ghana"":1,""airaparent"":2,""BasicallyZack"":2,""=LordFarquaad="":2,""=Just Win Baby="":1,""ﾒ Bobothemonk"":2,""=Gatrick Swayze="":1,""Ξ FreeTheChickens"":1,""в●ти | =exel="":1,""Ξ вит | 季赛冠军"":3}","{""B3n"":1,""kapk"":2,""Жan"":1,""Ralfus"":1,""Will b"":1,""=Caono="":1,""=Nerdy="":1,""airaparent"":1,""=LordBarst="":1,""Crazy_boots"":2,""Vomit Coffin"":1,""=LordFarquaad="":2,""=Just Win Baby="":1,""=Gatrick Swayze="":2,""вит | Ventil8"":1,""ВOTИ | Archytek"":1,""Ξ FreeTheChickens"":1,""Ж | =Alotta Bush="":1,""в●ти | =exel="":1}","314","145","1280","100","{""M1 GARAND"":7,""M8 Greyhound"":1,""M3 GREASE GUN"":1,""M6 37mm [M8 Greyhound]"":11,""37MM CANNON [Stuart M5A1]"":2,""COAXIAL M1919 [M8 Greyhound]"":1}","{""STG44"":3,""FG42 x4"":2,""GEWEHR 43"":12,""STRAFING RUN"":1,""KARABINER 98K"":1,""PANZERSCHRECK"":2,""150MM HOWITZER [sFH 18]"":2,""75MM CANNON [Sd.Kfz.161 Panzer IV]"":1,""88 KWK 36 L/56 [Sd.Kfz.181 Tiger 1]"":1}"
"76561198164512748","DooperDupinskie","68","45","1.51","9","0.81","0.54","5","0","4","3","419","14","{""DJ"":1,""B3n"":5,""kapk"":1,""Ralfus"":1,""=Caono="":1,""=R3C0N="":1,""R E A P"":2,""MrKravs33"":4,""=Krusader="":3,""=Wurlstar="":9,""More Ghana"":1,""Capt.Taylor"":1,""Crazy_boots"":1,""Vomit Coffin"":2,""=Just Win Baby="":1,""ﾒ Bobothemonk"":1,""=Krombopulous_MYKL="":1,""вит | Phat_Cheeks57"":5,""=Girth Brooks=(THICC)(CLWN)"":4}","{""B3n"":4,""kapk"":4,""Ralfus"":6,""Rob491"":1,""Will b"":1,""=Caono="":2,""R E A P"":1,""D' Bearz"":1,""MrKravs33"":6,""=Krusader="":2,""=Wurlstar="":7,""More Ghana"":2,""airaparent"":3,""=LordBarst="":2,""Capt.Taylor"":1,""Crazy_boots"":3,""SeatingChart"":3,""Vomit Coffin"":1,""=LordFarquaad="":1,""=Just Win Baby="":2,""ﾒ Bobothemonk"":2,""ВOTИ | Archytek"":3,""Ж | =Alotta Bush="":2,""=Krombopulous_MYKL="":3,""вит | Phat_Cheeks57"":2,""=Girth Brooks=(THICC)(CLWN)"":3}","604","990","840","400","{""M1 GARAND"":67,""MK2 GRENADE"":1}","{""MG42"":15,""STG44"":4,""GEWEHR 43"":21,""KARABINER 98K"":3,""150MM HOWITZER [sFH 18]"":1,""COAXIAL MG34 [Sd.Kfz.181 Tiger 1]"":1}"
"76561198007462047","=R3C0N=","13","10","1.3","3","0.16","0.12","2","0","0","0","1214","141","{""FLERG"":1,""JЖCK"":2,""Large"":1,""Trots"":1,""Ж | Tadiktor"":3,""• The China Guy"":1,""Ж︎ | -TL- Monster_Corndog"":1}","{""FLERG"":1,""Large"":2,""Ж | Wix"":2,""Ж | HeiZa"":1,""нs | Widow"":1,""Ж | PiscisK"":1,""Ж | Tadiktor"":1,""Ж︎ | bones"":1,""DooperDupinskie"":1,""Ж | Crystal Claude"":2}","305","130","1020","360","{""20MM KWK 30 [Sd.Kfz.121 Luchs]"":5,""COAXIAL MG34 [Sd.Kfz.234 Puma]"":1,""COAXIAL MG34 [Sd.Kfz.181 Tiger 1]"":3,""88 KWK 36 L/56 [Sd.Kfz.181 Tiger 1]"":3,""COAXIAL MG34 [Sd.Kfz.161 Panzer IV]"":1}","{""BAZOOKA"":3,""BROWNING M1919"":1,""75MM CANNON [Sherman M4A3(75)W]"":1,""76MM M1 GUN [Sherman M4A3E2(76)]"":5}"
"76561198346580123","Crazy_boots","36","82","0.44","6","0.43","0.99","9","0","0","0","208","13","{""PUCK"":4,""FLERG"":4,""JЖCK"":2,""Large"":2,""Mongo"":2,""Trots"":3,""MUG..."":1,""Ξ Sanzu"":8,""Convenant"":8,""Ж | Mage"":10,""Ж | Rath"":2,""✿ Seely"":1,""》Sherby"":7,""wolf pussy"":3,""нѕ | nes"":4,""Ж | Davako"":2,""Ж | GasMask"":2,""Ж | PiscisK"":3,""Ж | Whiskey"":1,""Ж | DankNugz"":2,""Ж | OG Panda"":1,""TouchMyGangsta"":2,""Ж | y U h ※"":1,""DooperDupinskie"":3,""Ж | wildcard.NS"":2,""Ж | Eragon123※"":1,""Ж︎ | -TL- Monster_Corndog"":1}","{""."":1,""PUCK"":6,""FLERG"":2,""Large"":1,""Mongo"":4,""MUG..."":1,""Ξ Sanzu"":2,""Ж | 3fm"":1,""Convenant"":2,""Ж | Rath"":1,""✿ Seely"":1,""》Sherby"":4,""Ж | DankNugz"":3,""Ж | Badger™"":1,""DooperDupinskie"":1,""Ж | Eragon123※"":1,""Ж | Crystal Claude"":2,""Ж︎ | No Chill Anna"":1,""My Ego > Bad Intentions"":1}","383","345","420","520","{""STG44"":5,""GEWEHR 43"":24,""KARABINER 98K"":2,""PANZERSCHRECK"":4,""M43 STIELHANDGRANATE"":1}","{""BAZOOKA"":1,""M1 GARAND"":53,""M1918A2 BAR"":1,""MK2 GRENADE"":1,""M3 GREASE GUN"":1,""BROWNING M1919"":8,""155MM HOWITZER [M114]"":10,""M6 37mm [M8 Greyhound]"":2,""76MM M1 GUN [Sherman M4A3E2(76)]"":2,""COAXIAL M1919 [Sherman M4A3E2(76)]"":3}"
"76561198217548335","Mongo","88","54","1.63","11","1.06","0.65","4","1","3","1","326","23","{""DJ"":7,""Жan"":1,""Swift"":2,""Will b"":1,""R E A P"":1,""=Oresto="":1,""More Ghana"":1,""airaparent"":3,""Capt.Taylor"":1,""Crazy_boots"":4,""SeatingChart"":1,""Vomit Coffin"":6,""=LordFarquaad="":5,""I_NoScoped_JFK"":5,""=Just Win Baby="":3,""ﾒ Bobothemonk"":1,""=Gatrick Swayze="":1,""Ξ FreeTheChickens"":1,""Ж | =Alotta Bush="":4,""в●ти | =exel="":3,""вит | Phat_Cheeks57"":2}","{""kapk"":1,""Жan"":2,""Swift"":1,""Ralfus"":4,""Rob491"":2,""=Nerdy="":1,""R E A P"":4,""=Oresto="":3,""D' Bearz"":1,""DeathVice"":1,""MrKravs33"":1,""=ApachiJr="":1,""=lolships="":1,""More Ghana"":4,""airaparent"":1,""Crazy_boots"":2,""父 =Hodgy="":1,""SeatingChart"":3,""Vomit Coffin"":2,""BasicallyZack"":1,""=LordFarquaad="":6,""I_NoScoped_JFK"":7,""=Just Win Baby="":5,""ﾒ Bobothemonk"":4,""=Gatrick Swayze="":5,""вит | Ventil8"":1,""ВOTИ | Archytek"":4,""Ξ FreeTheChickens"":1,""Ж | =Alotta Bush="":6,""в●ти | =exel="":4,""=Krombopulous_MYKL="":2,""вит | Phat_Cheeks57"":2,""Ξ вит | 季赛冠军"":2,""=Girth Brooks=(THICC)(CLWN)"":2}","816","615","780","280","{""BAZOOKA"":3,""M3 KNIFE"":1,""M1 GARAND"":82,""MK2 GRENADE"":1,""M3 GREASE GUN"":1}","{""MG42"":2,""MP40"":2,""STG44"":10,""FG42 x4"":2,""GEWEHR 43"":23,""BOMBING RUN"":1,""KARABINER 98K"":6,""PANZERSCHRECK"":1,""150MM HOWITZER [sFH 18]"":7}"
"76561197968256472","ﾒ Bobothemonk","39","64","0.61","5","0.47","0.77","8","0","0","0","220","19","{""."":1,""PUCK"":1,""FLERG"":3,""JЖCK"":2,""Large"":1,""Mongo"":4,""Trots"":2,""MUG..."":2,""Ξ Sanzu"":1,""Ж | 3fm"":1,""Convenant"":1,""Everblack"":1,""Ж | Mage"":6,""✿ Seely"":1,""》Sherby"":1,""wolf pussy"":3,""нѕ | nes"":1,""Stellar-INF"":1,""Ж | Davako"":3,""нs | Widow"":2,""PapaBearBaker"":3,""Ж | OG Panda"":6,""TouchMyGangsta"":1,""Ж | y U h ※"":1,""DooperDupinskie"":2,""Ж︎ | Poptart"":3,""Ж | Orangeblack"":1,""Ж | Eragon123※"":1,""• The China Guy"":3,""Ж | Crystal Claude"":2,""Ж︎ | No Chill Anna"":2,""My Ego > Bad Intentions"":1}","{""."":2,""PUCK"":3,""Mongo"":1,""Ξ Sanzu"":4,""Ж | 3fm"":2,""Ж | Rath"":3,""》Sherby"":1,""wolf pussy"":1,""Stellar-INF"":2,""Ж | Whiskey"":3,""PapaBearBaker"":1,""Ж | DankNugz"":3,""Ж | OG Panda"":2,""Ж︎ | bones"":2,""DooperDupinskie"":1,""Ж | wildcard.NS"":2,""Ж | Crystal Claude"":3,""Ж︎ | No Chill Anna"":1,""My Ego > Bad Intentions"":1,""Ж︎ | -TL- Monster_Corndog"":1}","375","290","300","620","{""STG44"":2,""GEWEHR 43"":35,""KARABINER 98K"":1,""M43 STIELHANDGRANATE"":1}","{""M1 GARAND"":42,""M1A1 THOMPSON"":1,""M3 GREASE GUN"":4,""BROWNING M1919"":5,""M97 TRENCH GUN"":1,""155MM HOWITZER [M114]"":6,""75MM CANNON [Sherman M4A3(75)W]"":1,""HULL M1919 [Sherman M4A3E2(76)]"":1,""76MM M1 GUN [Sherman M4A3E2(76)]"":3}"
"76561199222358890","Scythe","0","2","0","0","0","0.02","2","0","0","0","1295","997","{""Rob491"":1,""WhiskyPilot"":1}","{}","1812","415","1260","300","{}","{""PANZERSCHRECK"":1,""88 KWK 36 L/56 [Sd.Kfz.181 Tiger 1]"":1}"
"76561199441324147","MrKravs33","39","55","0.71","6","0.46","0.65","7","0","1","1","415","18","{""."":1,""JЖCK"":6,""Large"":1,""Mongo"":1,""Trots"":2,""zesty"":1,""Convenant"":1,""Ж | Mage"":6,""wolf pussy"":4,""нѕ | nes"":1,""Ж | Davako"":1,""Ж | Whiskey"":2,""Ж | DankNugz"":1,""Ж | OG Panda"":2,""Ж | Tadiktor"":2,""Ж︎ | bones"":2,""TouchMyGangsta"":3,""Ж | y U h ※"":1,""DooperDupinskie"":6,""Ж︎ | Poptart"":5,""• The China Guy"":1,""Ж | Crystal Claude"":4,""My Ego > Bad Intentions"":1}","{""."":3,""PUCK"":4,""Large"":1,""Ж | 3fm"":2,""Convenant"":1,""Ж | HeiZa"":1,""нѕ | nes"":2,""Ж | Whiskey"":3,""PapaBearBaker"":1,""Ж | DankNugz"":1,""Ж | OG Panda"":5,""Ж | Tadiktor"":1,""DooperDupinskie"":4,""Ж︎ | Poptart"":1,""Ж | Orangeblack"":1,""• The China Guy"":1,""Ж | Crystal Claude"":4,""Ж︎ | No Chill Anna"":2,""My Ego > Bad Intentions"":1}","405","365","620","480","{""MG42"":5,""STG44"":3,""GEWEHR 43"":7,""KARABINER 98K"":18,""PANZERSCHRECK"":4,""M43 STIELHANDGRANATE"":2}","{""BAZOOKA"":1,""M1 GARAND"":28,""M1 CARBINE"":3,""BROWNING M1919"":7,""155MM HOWITZER [M114]"":6,""COAXIAL M1919 [Stuart M5A1]"":1,""75MM CANNON [Sherman M4A3(75)W]"":2,""76MM M1 GUN [Sherman M4A3E2(76)]"":6,""COAXIAL M1919 [Sherman M4A3(75)W]"":1}"
"76561198030595086","Trots","56","3","18.67","36","0.68","0.04","1","1","0","0","2633","909","{""=lolships="":1,""Vomit Coffin"":1,""вит | Phat_Cheeks57"":1}","{""B3n"":4,""kapk"":2,""Ralfus"":3,""Rob491"":2,""=R3C0N="":1,""=Oresto="":1,""ULFBERHT"":1,""MrKravs33"":2,""=ApachiJr="":1,""=Krusader="":1,""=Wurlstar="":2,""More Ghana"":1,""Crazy_boots"":3,""WhiskyPilot"":1,""父 =Hodgy="":1,""Vomit Coffin"":3,""=LordFarquaad="":1,""I_NoScoped_JFK"":1,""=Just Win Baby="":4,""ﾒ Bobothemonk"":2,""=Gatrick Swayze="":2,""вит | Ventil8"":1,""ВOTИ | Archytek"":2,""Ξ FreeTheChickens"":2,""Ж | =Alotta Bush="":2,""в●ти | =exel="":7,""вит | Phat_Cheeks57"":1,""=Girth Brooks=(THICC)(CLWN)"":2}","770","180","1160","400","{""TELLERMINE 43"":1,""37MM CANNON [Stuart M5A1]"":8,""COAXIAL M1919 [Stuart M5A1]"":2,""76MM M1 GUN [Sherman M4A3E2(76)]"":34,""COAXIAL M1919 [Sherman M4A3E2(76)]"":11}","{""STG44"":1,""PANZERSCHRECK"":1,""88 KWK 36 L/56 [Sd.Kfz.181 Tiger 1]"":1}"
"76561198017072865","父 =Hodgy=","1","12","0.08","1","0.01","0.14","8","0","0","0","931","91","{""."":1,""JЖCK"":3,""Large"":1,""Mongo"":1,""Trots"":1,""Ж | Davako"":1,""Ж | Tadiktor"":4}","{""Ж︎ | bones"":1}","567","255","1020","400","{""LUGER P08"":1}","{""BAZOOKA"":3,""M1 CARBINE"":1,""37MM CANNON [Stuart M5A1]"":1,""76MM M1 GUN [Sherman M4A3E2(76)]"":6,""COAXIAL M1919 [Sherman M4A3E2(76)]"":1}"
"76561199667442659","Terry","0","2","0","0","0","0.02","2","1","0","0","1295","997","{""Rob491"":1,""WhiskyPilot"":1}","{}","1829","55","1280","300","{}","{""PANZERSCHRECK"":1,""88 KWK 36 L/56 [Sd.Kfz.181 Tiger 1]"":1}"
"76561199112808130","Ж | Wix","14","14","1","7","0.17","0.17","6","1","0","0","1038","22","{""Swift"":2,""Rob491"":1,""=R3C0N="":2,""R E A P"":3,""=Oresto="":1,""airaparent"":1,""BasicallyZack"":2,""в●ти | =exel="":2}","{""Жan"":2,""Rob491"":1,""Will b"":1,""=Caono="":1,""=Krusader="":1,""WhiskyPilot"":1,""SeatingChart"":1,""WinnableSleet"":1,""=Gatrick Swayze="":1,""вит | Ventil8"":1,""=Krombopulous_MYKL="":1,""MS | Smurf 我很爛"":1,""=Girth Brooks=(THICC)(CLWN)"":1}","261","577","1260","80","{""M1 GARAND"":2,""M8 Greyhound"":1,""M6 37mm [M8 Greyhound]"":4,""75MM CANNON [Sherman M4A3(75)W]"":5,""COAXIAL M1919 [Sherman M4A3(75)W]"":2}","{""STG44"":3,""GEWEHR 43"":2,""KARABINER 98K"":2,""PANZERSCHRECK"":2,""75MM CANNON [PAK 40]"":1,""20MM KWK 30 [Sd.Kfz.121 Luchs]"":2,""88 KWK 36 L/56 [Sd.Kfz.181 Tiger 1]"":1,""COAXIAL MG34 [Sd.Kfz.161 Panzer IV]"":1}"
"76561198367851099","My Ego > Bad Intentions","40","47","0.85","6","0.48","0.57","6","0","1","1","400","19","{""DJ"":2,""kapk"":1,""Жan"":3,""Swift"":1,""Rob491"":2,""Will b"":5,""=Nerdy="":2,""=Vidar="":3,""MrKravs33"":1,""=Krusader="":1,""=Wurlstar="":1,""=lolships="":1,""airaparent"":3,""=LordBarst="":6,""Capt.Taylor"":2,""Crazy_boots"":1,""SeatingChart"":1,""Vomit Coffin"":1,""=LordFarquaad="":1,""ﾒ Bobothemonk"":1,""вит | Ventil8"":2,""Ξ FreeTheChickens"":1,""Ж | =Alotta Bush="":1,""в●ти | =exel="":1,""=Krombopulous_MYKL="":1,""Ξ вит | 季赛冠军"":1,""=Girth Brooks=(THICC)(CLWN)"":1}","{""B3n"":1,""kapk"":5,""Swift"":1,""Will b"":1,""=Caono="":4,""=Nerdy="":1,""=Vidar="":3,""R E A P"":3,""=Oresto="":1,""MrKravs33"":1,""=Krusader="":2,""=lolships="":1,""More Ghana"":1,""airaparent"":1,""=LordBarst="":2,""Capt.Taylor"":1,""WhiskyPilot"":1,""Vomit Coffin"":1,""WinnableSleet"":1,""=LordFarquaad="":1,""ﾒ Bobothemonk"":1,""=Gatrick Swayze="":1,""вит | Ventil8"":2,""Ξ вит | Comrade Grimm"":1,""=Girth Brooks=(THICC)(CLWN)"":2}","602","387","720","400","{""BAZOOKA"":1,""M1 GARAND"":33,""MK2 GRENADE"":1,""M3 GREASE GUN"":2,""M97 TRENCH GUN"":3}","{""MG42"":1,""STG44"":1,""FG42 x4"":1,""GEWEHR 43"":35,""KARABINER 98K"":6,""150MM HOWITZER [sFH 18]"":2,""20MM KWK 30 [Sd.Kfz.121 Luchs]"":1}"
"76561198100992231","Vomit Coffin","53","77","0.69","4","0.63","0.91","7","0","0","0","191","18","{""."":1,""PUCK"":3,""FLERG"":2,""JЖCK"":4,""Large"":3,""Mongo"":2,""Trots"":3,""MUG..."":1,""Ξ Sanzu"":5,""Convenant"":11,""Ж | Mage"":4,""Ж | Rath"":5,""》Sherby"":4,""wolf pussy"":2,""нѕ | nes"":3,""Stellar-INF"":1,""нs | Widow"":5,""Ж | PiscisK"":2,""PapaBearBaker"":1,""TouchMyGangsta"":2,""Ж | Badger™"":1,""Ж | y U h ※"":2,""DooperDupinskie"":1,""Ж︎ | Poptart"":3,""Ж | wildcard.NS"":1,""Ж | Eragon123※"":2,""Ж | Crystal Claude"":1,""Ж︎ | No Chill Anna"":1,""My Ego > Bad Intentions"":1}","{""."":1,""PUCK"":2,""FLERG"":2,""Large"":3,""Mongo"":6,""Trots"":1,""zesty"":2,""MUG..."":5,""Ξ Sanzu"":4,""Convenant"":2,""Ж | Rath"":3,""✿ Seely"":2,""》Sherby"":1,""нѕ | nes"":3,""Stellar-INF"":1,""Ж | Davako"":3,""нs | Widow"":1,""Ж | DankNugz"":2,""Ж︎ | bones"":1,""Ж | Badger™"":1,""DooperDupinskie"":2,""Ж︎ | Poptart"":2,""My Ego > Bad Intentions"":1,""Ж︎ | -TL- Monster_Corndog"":2}","505","2990","400","480","{""MG42"":4,""MP40"":6,""STG44"":32,""SATCHEL"":4,""GEWEHR 43"":2,""KARABINER 98K"":5}","{""BAZOOKA"":1,""M1 GARAND"":53,""COLT M1911"":1,""M1 CARBINE"":1,""MK2 GRENADE"":1,""M1A1 THOMPSON"":1,""BROWNING M1919"":6,""155MM HOWITZER [M114]"":4,""M6 37mm [M8 Greyhound]"":1,""37MM CANNON [Stuart M5A1]"":1,""76MM M1 GUN [Sherman M4A3E2(76)]"":4,""COAXIAL M1919 [Sherman M4A3E2(76)]"":3}"
"76561198389173604","kapk","45","72","0.62","5","0.54","0.87","8","0","1","1","273","19","{""."":2,""FLERG"":1,""Mongo"":1,""Trots"":2,""zesty"":1,""Convenant"":1,""Ж | Mage"":3,""Ж | Rath"":1,""✿ Seely"":1,""》Sherby"":1,""wolf pussy"":5,""нѕ | nes"":5,""Stellar-INF"":1,""Ж | PiscisK"":3,""Ж | Whiskey"":2,""PapaBearBaker"":2,""Ж | DankNugz"":1,""Ж | OG Panda"":3,""Ж | Tadiktor"":1,""TouchMyGangsta"":3,""Ж | y U h ※"":2,""DooperDupinskie"":4,""Ж︎ | Poptart"":6,""Ж | wildcard.NS"":2,""Ж | Eragon123※"":2,""• The China Guy"":5,""Ж | Crystal Claude"":3,""Ж | yourmomsmother"":2,""Ж︎ | No Chill Anna"":1,""My Ego > Bad Intentions"":5}","{""PUCK"":2,""FLERG"":2,""zesty"":1,""Ξ Sanzu"":1,""Convenant"":2,""wolf pussy"":2,""нѕ | nes"":3,""Ж | Davako"":1,""нs | Widow"":2,""Ж | GasMask"":1,""Ж | PiscisK"":1,""Ж | Whiskey"":5,""PapaBearBaker"":1,""Ж | DankNugz"":2,""Ж | OG Panda"":2,""TouchMyGangsta"":4,""DooperDupinskie"":1,""Ж | wildcard.NS"":2,""• The China Guy"":2,""Ж | Crystal Claude"":2,""Ж︎ | No Chill Anna"":2,""Ж︎ | Foxhole Norman"":2,""My Ego > Bad Intentions"":1,""Ж︎ | -TL- Monster_Corndog"":1}","426","1004","360","660","{""GEWEHR 43"":45}","{""BAZOOKA"":1,""M1 GARAND"":46,""M1 CARBINE"":1,""MK2 GRENADE"":1,""M3 GREASE GUN"":3,""BROWNING M1919"":10,""M97 TRENCH GUN"":1,""155MM HOWITZER [M114]"":3,""M6 37mm [M8 Greyhound]"":1,""HULL M1919 [Stuart M5A1]"":1,""37MM CANNON [Stuart M5A1]"":2,""COAXIAL M1919 [Stuart M5A1]"":1,""HULL M1919 [Sherman M4A3E2(76)]"":1}"
"76561199106632515","Ξ Sanzu","96","71","1.35","7","1.16","0.86","8","0","2","1","205","-56","{""DJ"":9,""B3n"":1,""kapk"":1,""Жan"":2,""Swift"":2,""Ralfus"":1,""Will b"":2,""=Caono="":1,""=Nerdy="":1,""=Oresto="":4,""D' Bearz"":1,""DeathVice"":2,""More Ghana"":2,""airaparent"":5,""Capt.Taylor"":1,""Crazy_boots"":2,""SeatingChart"":1,""Vomit Coffin"":4,""BasicallyZack"":1,""=LordFarquaad="":4,""=Just Win Baby="":3,""ﾒ Bobothemonk"":4,""=Gatrick Swayze="":4,""вит | Ventil8"":1,""Ξ FreeTheChickens"":3,""Ж | =Alotta Bush="":4,""в●ти | =exel="":1,""=Krombopulous_MYKL="":1,""вит | Phat_Cheeks57"":2,""Ξ вит | 季赛冠军"":1}","{""Жan"":3,""Swift"":4,""Ralfus"":3,""Rob491"":1,""Will b"":1,""=Caono="":2,""=Nerdy="":7,""=Vidar="":2,""=Oresto="":2,""D' Bearz"":6,""ULFBERHT"":1,""More Ghana"":2,""airaparent"":3,""=LordBarst="":1,""Capt.Taylor"":2,""Crazy_boots"":8,""WhiskyPilot"":1,""SeatingChart"":4,""Vomit Coffin"":5,""=LordFarquaad="":5,""I_NoScoped_JFK"":1,""=Just Win Baby="":4,""ﾒ Bobothemonk"":1,""=Gatrick Swayze="":5,""вит | Ventil8"":3,""Ξ FreeTheChickens"":4,""Ж | =Alotta Bush="":7,""в●ти | =exel="":2,""=Krombopulous_MYKL="":1,""вит | Phat_Cheeks57"":1,""Ξ вит | 季赛冠军"":4}","819","1152","960","120","{""M1 GARAND"":96}","{""MG42"":5,""MP40"":2,""STG44"":7,""FG42 x4"":1,""SATCHEL"":1,""GEWEHR 43"":35,""STRAFING RUN"":1,""KARABINER 98K"":8,""KARABINER 98K x8"":1,""150MM HOWITZER [sFH 18]"":9,""COAXIAL MG34 [Sd.Kfz.161 Panzer IV]"":1}"
"76561198352672635","Will b","43","18","2.39","8","0.51","0.21","4","1","1","1","879","61","{""zesty"":1,""Ξ Sanzu"":1,""Ж | Wix"":1,""Convenant"":1,""Ж | Rath"":2,""wolf pussy"":1,""нs | Widow"":1,""Ж | Whiskey"":1,""TouchMyGangsta"":1,""DooperDupinskie"":1,""Ж | wildcard.NS"":1,""Ж︎ | No Chill Anna"":1,""Ж︎ | Foxhole Norman"":1,""My Ego > Bad Intentions"":1,""Ж︎ | -TL- Monster_Corndog"":3}","{""."":3,""PUCK"":1,""Mongo"":1,""zesty"":1,""MUG..."":1,""Ξ Sanzu"":2,""Convenant"":1,""Everblack"":1,""✿ Seely"":2,""wolf pussy"":1,""нѕ | nes"":1,""Stellar-INF"":4,""Ж | Davako"":2,""нs | Widow"":1,""Ж | PiscisK"":1,""Ж | Whiskey"":2,""PapaBearBaker"":1,""Ж | OG Panda"":1,""TouchMyGangsta"":1,""Ж | y U h ※"":1,""Ж︎ | Poptart"":1,""Ж | wildcard.NS"":1,""Ж | Crystal Claude"":1,""Ж | yourmomsmother"":1,""Ж︎ | No Chill Anna"":2,""My Ego > Bad Intentions"":5,""Ж︎ | -TL- Monster_Corndog"":3}","409","5184","1260","200","{""GEWEHR 43"":29,""BOMBING RUN"":7,""STRAFING RUN"":7}","{""M1 GARAND"":11,""BROWNING M1919"":5,""37MM CANNON [Stuart M5A1]"":1,""75MM CANNON [Sherman M4A3(75)W]"":1}"
"76561198031991058","✿ Seely","54","37","1.46","4","0.65","0.45","3","0","2","1","421","26","{""DJ"":1,""Жan"":1,""Will b"":2,""=Oresto="":7,""D' Bearz"":3,""DeathVice"":2,""airaparent"":2,""Crazy_boots"":1,""Vomit Coffin"":2,""=LordFarquaad="":4,""I_NoScoped_JFK"":2,""=Gatrick Swayze="":1,""Ξ FreeTheChickens"":2,""Ж | =Alotta Bush="":2,""вит | Phat_Cheeks57"":1,""Ξ вит | 季赛冠军"":4}","{""kapk"":1,""Жan"":3,""Rob491"":1,""=Vidar="":1,""R E A P"":1,""=Oresto="":9,""ULFBERHT"":1,""=ApachiJr="":1,""=Krusader="":2,""=Wurlstar="":1,""airaparent"":1,""Capt.Taylor"":2,""Crazy_boots"":1,""BasicallyZack"":1,""=LordFarquaad="":4,""I_NoScoped_JFK"":2,""=Just Win Baby="":2,""ﾒ Bobothemonk"":1,""=Gatrick Swayze="":5,""вит | Ventil8"":1,""Ξ FreeTheChickens"":1,""Ж | =Alotta Bush="":1,""в●ти | =exel="":3,""=Krombopulous_MYKL="":2,""Ξ вит | 季赛冠军"":6}","520","680","1200","100","{""M1 GARAND"":54}","{""MG42"":3,""MP40"":1,""STG44"":7,""SATCHEL"":2,""GEWEHR 43"":21,""BOMBING RUN"":1,""KARABINER 98K"":1,""150MM HOWITZER [sFH 18]"":1}"
"76561198800907820","=ApachiJr=","0","12","0","0","0","0.14","12","0","0","0","1123","46","{""FLERG"":1,""JЖCK"":3,""Mongo"":1,""Trots"":1,""Everblack"":1,""Ж | Mage"":1,""✿ Seely"":1,""Ж | Tadiktor"":2,""• The China Guy"":1}","{}","274","185","1060","380","{}","{""BAZOOKA"":2,""M3 KNIFE"":1,""M1 GARAND"":1,""PRECISION STRIKE"":1,""155MM HOWITZER [M114]"":1,""75MM CANNON [Sherman M4A3(75)W]"":1,""76MM M1 GUN [Sherman M4A3E2(76)]"":5}"
"76561198222220496","wolf pussy","53","18","2.94","14","0.64","0.22","3","0","0","0","1535","38","{""DJ"":3,""kapk"":2,""Will b"":1,""=Oresto="":1,""DeathVice"":2,""=lolships="":1,""airaparent"":3,""=LordBarst="":1,""Capt.Taylor"":1,""=Just Win Baby="":1,""ﾒ Bobothemonk"":1,""=Girth Brooks=(THICC)(CLWN)"":1}","{""B3n"":1,""kapk"":5,""Swift"":2,""Ralfus"":1,""Rob491"":2,""Will b"":1,""=Oresto="":1,""D' Bearz"":1,""MrKravs33"":4,""=Krusader="":1,""=Wurlstar="":1,""More Ghana"":1,""airaparent"":4,""=LordBarst="":1,""Capt.Taylor"":1,""Crazy_boots"":3,""SeatingChart"":2,""Vomit Coffin"":2,""=LordFarquaad="":1,""I_NoScoped_JFK"":2,""=Just Win Baby="":2,""ﾒ Bobothemonk"":3,""=Gatrick Swayze="":2,""ВOTИ | Archytek"":1,""Ξ FreeTheChickens"":1,""в●ти | =exel="":2,""=Krombopulous_MYKL="":2,""вит | Phat_Cheeks57"":2,""=Girth Brooks=(THICC)(CLWN)"":1}","523","295","1060","360","{""M1 GARAND"":1,""COLT M1911"":1,""BROWNING M1919"":51}","{""MG42"":2,""FG42 x4"":1,""GEWEHR 43"":10,""KARABINER 98K"":1,""150MM HOWITZER [sFH 18]"":3,""HULL MG34 [Sd.Kfz.181 Tiger 1]"":1}"
"76561198982716760","WinnableSleet","8","17","0.47","3","0.1","0.2","4","0","0","0","689","30","{""JЖCK"":6,""Large"":1,""zesty"":1,""Ж | Wix"":1,""Convenant"":2,""Ж | Mage"":1,""нs | Widow"":1,""Ж | OG Panda"":1,""• The China Guy"":2,""My Ego > Bad Intentions"":1}","{""Large"":2,""zesty"":1,""Convenant"":1,""Stellar-INF"":1,""Ж | Whiskey"":1,""Ж︎ | Poptart"":1,""• The China Guy"":1}","255","455","920","320","{""KARABINER 98K"":1,""50mm KwK 39/1 [Sd.Kfz.234 Puma]"":1,""COAXIAL MG34 [Sd.Kfz.181 Tiger 1]"":1,""75MM CANNON [Sd.Kfz.161 Panzer IV]"":3,""88 KWK 36 L/56 [Sd.Kfz.181 Tiger 1]"":2}","{""BAZOOKA"":1,""M1 GARAND"":6,""MK2 GRENADE"":1,""M3 GREASE GUN"":1,""155MM HOWITZER [M114]"":1,""M6 37mm [M8 Greyhound]"":1,""76MM M1 GUN [Sherman M4A3E2(76)]"":6}"
"76561198341391904","zesty","40","23","1.74","9","0.48","0.28","7","0","0","0","1148","29","{""DJ"":1,""kapk"":1,""Жan"":2,""Will b"":1,""=Vidar="":2,""R E A P"":1,""=Krusader="":1,""Capt.Taylor"":1,""Vomit Coffin"":2,""WinnableSleet"":1,""=LordFarquaad="":1,""вит | Ventil8"":5,""ВOTИ | Archytek"":1,""Ξ вит | 季赛冠军"":2,""Ξ вит | Comrade Grimm"":1}","{""B3n"":2,""kapk"":1,""Swift"":3,""Will b"":1,""=Caono="":8,""=Nerdy="":1,""=Vidar="":2,""DeathVice"":2,""MrKravs33"":1,""airaparent"":2,""=LordBarst="":5,""WhiskyPilot"":1,""WinnableSleet"":1,""вит | Ventil8"":3,""Ж | =Alotta Bush="":1,""=Krombopulous_MYKL="":1,""Ξ вит | Comrade Grimm"":3,""=Girth Brooks=(THICC)(CLWN)"":2}","412","1190","680","720","{""UNKNOWN"":1,""M1 GARAND"":39}","{""MG42"":1,""STG44"":4,""GEWEHR 43"":15,""150MM HOWITZER [sFH 18]"":1,""50mm KwK 39/1 [Sd.Kfz.234 Puma]"":1,""88 KWK 36 L/56 [Sd.Kfz.181 Tiger 1]"":1}"
"76561199145763509","ВOTИ | Archytek","27","40","0.68","7","0.32","0.48","12","0","0","0","444","38","{""FLERG"":2,""JЖCK"":3,""Mongo"":4,""Trots"":2,""Convenant"":4,""Ж | Mage"":3,""Ж | Rath"":2,""wolf pussy"":1,""Stellar-INF"":2,""Ж | Whiskey"":1,""Ж | DankNugz"":1,""Ж | OG Panda"":2,""Ж | Tadiktor"":1,""Ж | Badger™"":1,""Ж | y U h ※"":1,""DooperDupinskie"":3,""Ж︎ | Poptart"":1,""Ж | wildcard.NS"":1,""• The China Guy"":2,""Ж | Crystal Claude"":1,""Ж | yourmomsmother"":1,""Ж︎ | -TL- Monster_Corndog"":1}","{""."":3,""PUCK"":1,""Large"":3,""zesty"":1,""Convenant"":1,""Ж | Rath"":2,""》Sherby"":1,""Ж | Davako"":2,""нs | Widow"":1,""Ж | Whiskey"":2,""Ж | DankNugz"":4,""Ж | Eragon123※"":2,""Ж | Crystal Claude"":3,""Ж︎ | No Chill Anna"":1}","243","587","600","380","{""MP40"":5,""STG44"":4,""SATCHEL"":2,""KARABINER 98K"":13,""75MM CANNON [PAK 40]"":1,""M43 STIELHANDGRANATE"":2}","{""M1 GARAND"":25,""M3 GREASE GUN"":2,""BROWNING M1919"":2,""155MM HOWITZER [M114]"":3,""37MM CANNON [Stuart M5A1]"":2,""HULL M1919 [Sherman M4A3E2(76)]"":2,""76MM M1 GUN [Sherman M4A3E2(76)]"":2,""COAXIAL M1919 [Sherman M4A3E2(76)]"":2}"
"76561198039150162","Ж | PiscisK","32","23","1.39","7","0.39","0.28","6","0","1","1","778","51","{""kapk"":1,""Жan"":5,""Swift"":1,""Will b"":1,""=R3C0N="":1,""=Oresto="":1,""More Ghana"":1,""=LordBarst="":1,""WhiskyPilot"":1,""=LordFarquaad="":1,""Ξ FreeTheChickens"":4,""Ж | =Alotta Bush="":1,""Ξ вит | 季赛冠军"":4}","{""kapk"":3,""Жan"":2,""Swift"":1,""Ralfus"":1,""=Caono="":1,""=Nerdy="":1,""=Oresto="":3,""=Krusader="":1,""=LordBarst="":4,""Crazy_boots"":3,""SeatingChart"":2,""Vomit Coffin"":2,""=Just Win Baby="":1,""=Gatrick Swayze="":1,""Ξ FreeTheChickens"":1,""в●ти | =exel="":2,""MS | Smurf 我很爛"":1,""Ξ вит | 季赛冠军"":2}","348","145","1340","0","{""BAZOOKA"":1,""M1 GARAND"":20,""MK2 GRENADE"":1,""BROWNING M1919"":3,""57MM CANNON [M1 57mm]"":1,""37MM CANNON [Stuart M5A1]"":4,""COAXIAL M1919 [Stuart M5A1]"":2}","{""STG44"":2,""FG42 x4"":1,""SATCHEL"":1,""GEWEHR 43"":14,""KARABINER 98K"":3,""COAXIAL MG34 [Sd.Kfz.234 Puma]"":1,""HULL MG34 [Sd.Kfz.181 Tiger 1]"":1}"
"76561198053671590","Ж | Davako","41","67","0.61","6","0.49","0.8","11","1","1","1","226","16","{""DJ"":5,""kapk"":1,""Жan"":3,""Will b"":2,""=Caono="":4,""=Nerdy="":1,""R E A P"":1,""=Oresto="":2,""D' Bearz"":1,""DeathVice"":4,""=Krusader="":1,""=lolships="":1,""More Ghana"":1,""airaparent"":5,""Capt.Taylor"":2,""SeatingChart"":1,""Vomit Coffin"":3,""=LordFarquaad="":6,""I_NoScoped_JFK"":5,""=Just Win Baby="":6,""=Gatrick Swayze="":1,""ВOTИ | Archytek"":2,""Ξ FreeTheChickens"":1,""Ж | =Alotta Bush="":3,""в●ти | =exel="":3,""=Girth Brooks=(THICC)(CLWN)"":2}","{""B3n"":1,""Жan"":1,""Swift"":3,""Ralfus"":1,""=Caono="":1,""=Nerdy="":1,""=Oresto="":2,""ULFBERHT"":1,""DeathVice"":1,""MrKravs33"":1,""=Wurlstar="":1,""=lolships="":1,""airaparent"":3,""Capt.Taylor"":2,""Crazy_boots"":2,""父 =Hodgy="":1,""SeatingChart"":1,""BasicallyZack"":1,""=LordFarquaad="":4,""=Just Win Baby="":3,""ﾒ Bobothemonk"":3,""Ж | =Alotta Bush="":1,""в●ти | =exel="":2,""Ξ вит | 季赛冠军"":2,""=Girth Brooks=(THICC)(CLWN)"":1}","460","168","880","200","{""BAZOOKA"":4,""M1 GARAND"":35,""MK2 GRENADE"":1,""M97 TRENCH GUN"":1}","{""MG42"":5,""MP40"":4,""STG44"":7,""FG42 x4"":3,""SATCHEL"":2,""GEWEHR 43"":32,""STRAFING RUN"":1,""KARABINER 98K"":6,""M43 STIELHANDGRANATE"":1,""150MM HOWITZER [sFH 18]"":5,""20MM KWK 30 [Sd.Kfz.121 Luchs]"":1}"
"76561198847854875","нs | Widow","59","58","1.02","7","0.71","0.7","6","0","0","0","276","27","{""B3n"":1,""kapk"":2,""Жan"":3,""Swift"":2,""Ralfus"":1,""Rob491"":1,""Will b"":1,""=Nerdy="":1,""=R3C0N="":1,""=Vidar="":2,""=Oresto="":5,""D' Bearz"":1,""DeathVice"":1,""=lolships="":1,""More Ghana"":1,""airaparent"":2,""Capt.Taylor"":2,""SeatingChart"":3,""Vomit Coffin"":1,""=LordFarquaad="":3,""I_NoScoped_JFK"":3,""=Gatrick Swayze="":2,""вит | Ventil8"":1,""ВOTИ | Archytek"":1,""Ξ FreeTheChickens"":4,""в●ти | =exel="":1,""=Krombopulous_MYKL="":1,""MS | Smurf 我很爛"":1,""вит | Phat_Cheeks57"":3,""Ξ вит | 季赛冠军"":5,""=Girth Brooks=(THICC)(CLWN)"":1}","{""Жan"":1,""Rob491"":5,""Will b"":1,""=Caono="":1,""=Nerdy="":5,""=Vidar="":6,""=Oresto="":1,""D' Bearz"":1,""DeathVice"":2,""More Ghana"":2,""=LordBarst="":1,""SeatingChart"":2,""Vomit Coffin"":5,""WinnableSleet"":1,""=LordFarquaad="":4,""I_NoScoped_JFK"":1,""ﾒ Bobothemonk"":2,""=Gatrick Swayze="":1,""вит | Ventil8"":5,""Ξ FreeTheChickens"":3,""в●ти | =exel="":3,""=Krombopulous_MYKL="":2,""вит | Phat_Cheeks57"":1,""Ξ вит | 季赛冠军"":3}","579","956","1120","40","{""UNKNOWN"":1,""M1 GARAND"":58}","{""MG42"":5,""MP40"":1,""STG44"":6,""FG42 x4"":1,""SATCHEL"":1,""GEWEHR 43"":34,""KARABINER 98K"":8,""20MM KWK 30 [Sd.Kfz.121 Luchs]"":1,""COAXIAL MG34 [Sd.Kfz.121 Luchs]"":1}"
"76561198027355850","=lolships=","7","10","0.7","4","0.08","0.12","6","0","0","0","1156","109","{""JЖCK"":2,""Large"":1,""Mongo"":1,""Ж | Mage"":1,""Ж | Davako"":1,""Ж | Tadiktor"":3,""My Ego > Bad Intentions"":1}","{""FLERG"":1,""Trots"":1,""wolf pussy"":1,""Ж | Davako"":1,""нs | Widow"":1,""Ж | yourmomsmother"":1,""My Ego > Bad Intentions"":1}","408","475","1040","380","{""20MM KWK 30 [Sd.Kfz.121 Luchs]"":2,""HULL MG34 [Sd.Kfz.181 Tiger 1]"":1,""COAXIAL MG34 [Sd.Kfz.121 Luchs]"":2,""88 KWK 36 L/56 [Sd.Kfz.181 Tiger 1]"":2}","{""BAZOOKA"":4,""155MM HOWITZER [M114]"":1,""37MM CANNON [Stuart M5A1]"":1,""76MM M1 GUN [Sherman M4A3E2(76)]"":4}"
"76561198368458286","=Krusader=","27","25","1.08","5","0.32","0.3","5","0","0","0","584","25","{""PUCK"":2,""FLERG"":1,""JЖCK"":1,""Trots"":1,""Ж | Wix"":1,""Ж | Rath"":1,""✿ Seely"":2,""wolf pussy"":1,""Ж | PiscisK"":1,""Ж | DankNugz"":1,""Ж | OG Panda"":1,""TouchMyGangsta"":2,""DooperDupinskie"":2,""Ж︎ | Poptart"":2,""Ж | Orangeblack"":1,""Ж | Eragon123※"":1,""Ж | Crystal Claude"":2,""My Ego > Bad Intentions"":2}","{""."":3,""zesty"":1,""Convenant"":2,""Ж | Davako"":1,""Ж | Whiskey"":2,""Ж | DankNugz"":1,""Ж | OG Panda"":4,""DooperDupinskie"":3,""Ж︎ | Poptart"":3,""Ж | Eragon123※"":3,""Ж | Crystal Claude"":3,""My Ego > Bad Intentions"":1}","319","110","1020","320","{""MG42"":26,""LUGER P08"":1}","{""M1 GARAND"":16,""MK2 GRENADE"":1,""BROWNING M1919"":4,""75MM CANNON [Sherman M4A3(75)W]"":2,""HULL M1919 [Sherman M4A3E2(76)]"":1,""76MM M1 GUN [Sherman M4A3E2(76)]"":1}"
"76561197991114815","DeathVice","56","21","2.67","12","0.68","0.25","3","0","0","0","639","41","{""JЖCK"":1,""Mongo"":1,""zesty"":2,""Ж | Mage"":2,""Ж | Rath"":1,""》Sherby"":2,""нѕ | nes"":2,""Ж | Davako"":1,""нs | Widow"":2,""Ж | GasMask"":1,""Ж | Whiskey"":2,""Ж | Tadiktor"":1,""TouchMyGangsta"":1,""Ж︎ | No Chill Anna"":1,""Ж︎ | -TL- Monster_Corndog"":1}","{""."":1,""PUCK"":4,""FLERG"":3,""Large"":4,""MUG..."":1,""Ξ Sanzu"":2,""Convenant"":4,""Ж | Rath"":8,""✿ Seely"":2,""wolf pussy"":2,""нѕ | nes"":5,""Ж | Davako"":4,""нs | Widow"":1,""PapaBearBaker"":1,""Ж | DankNugz"":2,""Ж︎ | bones"":2,""Ж︎ | Poptart"":2,""Ж | Crystal Claude"":1,""Ж︎ | No Chill Anna"":5,""Ж︎ | -TL- Monster_Corndog"":2}","523","270","880","300","{""MG42"":56}","{""M1 GARAND"":15,""BROWNING M1919"":2,""155MM HOWITZER [M114]"":2,""COAXIAL M1919 [Sherman M4A3E2(76)]"":2}"
"76561198107534748",".","15","50","0.3","4","0.18","0.59","16","0","1","1","259","-78","{""DJ"":8,""B3n"":3,""Жan"":2,""Swift"":2,""Will b"":3,""=Caono="":2,""R E A P"":4,""DeathVice"":1,""MrKravs33"":3,""=Krusader="":3,""=Wurlstar="":3,""airaparent"":2,""Capt.Taylor"":1,""Crazy_boots"":1,""SeatingChart"":1,""Vomit Coffin"":1,""=LordFarquaad="":1,""ﾒ Bobothemonk"":2,""ВOTИ | Archytek"":3,""Ξ FreeTheChickens"":1,""=Girth Brooks=(THICC)(CLWN)"":3}","{""B3n"":2,""kapk"":2,""=Nerdy="":1,""MrKravs33"":1,""=Wurlstar="":2,""父 =Hodgy="":1,""Vomit Coffin"":1,""ﾒ Bobothemonk"":1,""=Gatrick Swayze="":1,""вит | Phat_Cheeks57"":3}","303","605","720","380","{""BAZOOKA"":1,""M1 GARAND"":7,""M1 CARBINE"":5,""M2 AP MINE"":1,""M3 GREASE GUN"":1}","{""MG42"":8,""MP40"":1,""STG44"":7,""FG42 x4"":3,""GEWEHR 43"":16,""BOMBING RUN"":1,""STRAFING RUN"":1,""KARABINER 98K"":5,""150MM HOWITZER [sFH 18]"":8}"
"76561197974691587","=Just Win Baby=","42","51","0.82","5","0.51","0.62","12","0","2","1","248","25","{""PUCK"":2,""FLERG"":1,""JЖCK"":1,""Large"":1,""Mongo"":5,""Trots"":4,""MUG..."":1,""Ξ Sanzu"":4,""Convenant"":2,""Ж | Mage"":3,""✿ Seely"":2,""》Sherby"":4,""wolf pussy"":2,""Ж | Davako"":3,""Ж | PiscisK"":1,""PapaBearBaker"":1,""Ж | DankNugz"":1,""DooperDupinskie"":2,""Ж︎ | Poptart"":3,""Ж | wildcard.NS"":1,""Ж | Eragon123※"":3,""Ж | Crystal Claude"":2,""Ж︎ | No Chill Anna"":1,""Ж︎ | Foxhole Norman"":1}","{""PUCK"":1,""Large"":2,""Mongo"":3,""Ξ Sanzu"":3,""Convenant"":5,""Ж | Rath"":1,""》Sherby"":2,""wolf pussy"":1,""нѕ | nes"":1,""Stellar-INF"":1,""Ж | Davako"":6,""Ж | DankNugz"":1,""Ж | OG Panda"":1,""Ж︎ | bones"":2,""TouchMyGangsta"":1,""Ж | y U h ※"":1,""DooperDupinskie"":1,""Ж︎ | Poptart"":1,""Ж | wildcard.NS"":1,""Ж | Crystal Claude"":4,""Ж︎ | No Chill Anna"":1,""Ж︎ | Foxhole Norman"":1,""Ж︎ | -TL- Monster_Corndog"":1}","393","155","700","340","{""GEWEHR 43"":42}","{""M1 GARAND"":36,""M3 GREASE GUN"":1,""BROWNING M1919"":5,""155MM HOWITZER [M114]"":3,""M6 37mm [M8 Greyhound]"":1,""76MM M1 GUN [Sherman M4A3E2(76)]"":5}"
"76561198041224149","JЖCK","97","2","48.5","67","1.17","0.02","1","1","0","0","1295","997","{""Rob491"":1,""WhiskyPilot"":1}","{""B3n"":6,""Жan"":4,""Swift"":1,""Ralfus"":4,""Rob491"":2,""=Nerdy="":2,""=R3C0N="":2,""R E A P"":2,""=Oresto="":2,""D' Bearz"":1,""ULFBERHT"":3,""DeathVice"":1,""MrKravs33"":6,""=ApachiJr="":3,""=Krusader="":1,""=Wurlstar="":2,""=lolships="":2,""airaparent"":1,""=LordBarst="":1,""Crazy_boots"":2,""WhiskyPilot"":6,""父 =Hodgy="":3,""SeatingChart"":1,""Vomit Coffin"":4,""BasicallyZack"":2,""WinnableSleet"":6,""=Just Win Baby="":1,""ﾒ Bobothemonk"":2,""=Gatrick Swayze="":3,""вит | Ventil8"":1,""ВOTИ | Archytek"":3,""Ξ FreeTheChickens"":3,""Ж | =Alotta Bush="":1,""в●ти | =exel="":1,""=Krombopulous_MYKL="":2,""MS | Smurf 我很爛"":1,""вит | Phat_Cheeks57"":1,""Ξ вит | Comrade Grimm"":8}","1933","75","1260","300","{""75MM CANNON [Sherman M4A3(75)W]"":14,""76MM M1 GUN [Sherman M4A3E2(76)]"":56,""COAXIAL M1919 [Sherman M4A3(75)W]"":3,""COAXIAL M1919 [Sherman M4A3E2(76)]"":24}","{""PANZERSCHRECK"":1,""88 KWK 36 L/56 [Sd.Kfz.181 Tiger 1]"":1}"
"76561198089304927","Ж | Smithers","0","0","0","0","0","0","0","0","0","0","0","9999","{}","{}","0","0","1700","0","{}","{}"
"76561198087791427","Rob491","14","36","0.39","3","0.17","0.44","14","0","0","0","444","14","{""JЖCK"":2,""Large"":1,""Mongo"":2,""Trots"":2,""MUG..."":1,""Ξ Sanzu"":1,""Ж | Wix"":1,""Ж | Mage"":1,""Ж | Rath"":4,""✿ Seely"":1,""》Sherby"":2,""wolf pussy"":2,""нs | Widow"":5,""Ж | Tadiktor"":3,""DooperDupinskie"":1,""Ж | Orangeblack"":1,""Ж | Eragon123※"":1,""Ж | Crystal Claude"":1,""Ж︎ | No Chill Anna"":2,""Ж︎ | -TL- Monster_Corndog"":2}","{""JЖCK"":1,""Terry"":1,""Scythe"":1,""Ж | Wix"":1,""нs | Widow"":1,""Ж | GasMask"":1,""Ж | Badger™"":1,""Ж | y U h ※"":1,""Ж︎ | Foxhole Norman"":1,""My Ego > Bad Intentions"":2,""Ж︎ | -TL- Monster_Corndog"":3}","312","720","640","440","{""STG44"":1,""SATCHEL"":1,""KARABINER 98K"":4,""PANZERSCHRECK"":5,""75MM CANNON [PAK 40]"":3}","{""M1 GARAND"":20,""BROWNING M1919"":5,""M97 TRENCH GUN"":1,""155MM HOWITZER [M114]"":1,""HULL M1919 [Stuart M5A1]"":1,""37MM CANNON [Stuart M5A1]"":1,""76MM M1 GUN [Sherman M4A3E2(76)]"":5,""COAXIAL M1919 [Sherman M4A3(75)W]"":1,""COAXIAL M1919 [Sherman M4A3E2(76)]"":1}"
"76561198141361405","》Sherby","60","39","1.54","8","0.71","0.46","3","0","0","0","332","18","{""DJ"":6,""B3n"":1,""R E A P"":1,""=Oresto="":3,""airaparent"":2,""Crazy_boots"":4,""SeatingChart"":1,""Vomit Coffin"":1,""=LordFarquaad="":2,""I_NoScoped_JFK"":5,""=Just Win Baby="":2,""ﾒ Bobothemonk"":1,""=Gatrick Swayze="":2,""вит | Ventil8"":1,""ВOTИ | Archytek"":1,""Ξ FreeTheChickens"":1,""Ж | =Alotta Bush="":1,""=Krombopulous_MYKL="":2,""Ξ вит | 季赛冠军"":2}","{""kapk"":1,""Ralfus"":3,""Rob491"":2,""=Caono="":1,""R E A P"":2,""=Oresto="":3,""DeathVice"":2,""More Ghana"":3,""airaparent"":3,""Crazy_boots"":7,""SeatingChart"":2,""Vomit Coffin"":4,""=LordFarquaad="":6,""I_NoScoped_JFK"":4,""=Just Win Baby="":4,""ﾒ Bobothemonk"":1,""=Gatrick Swayze="":2,""Ξ FreeTheChickens"":1,""Ж | =Alotta Bush="":1,""в●ти | =exel="":4,""=Krombopulous_MYKL="":1,""=Girth Brooks=(THICC)(CLWN)"":3}","508","1148","1000","300","{""M1 GARAND"":60}","{""MG42"":1,""STG44"":3,""FG42 x4"":2,""SATCHEL"":3,""GEWEHR 43"":20,""FELDSPATEN"":1,""KARABINER 98K"":2,""PANZERSCHRECK"":1,""150MM HOWITZER [sFH 18]"":6}"
"76561198106282294","Large","51","62","0.82","5","0.62","0.75","9","0","2","1","250","14","{""DJ"":10,""Жan"":1,""Swift"":1,""=Nerdy="":1,""=R3C0N="":2,""=Oresto="":5,""D' Bearz"":2,""DeathVice"":4,""MrKravs33"":1,""airaparent"":3,""Crazy_boots"":1,""Vomit Coffin"":3,""BasicallyZack"":1,""WinnableSleet"":2,""=LordFarquaad="":2,""I_NoScoped_JFK"":3,""=Just Win Baby="":2,""ВOTИ | Archytek"":3,""Ξ FreeTheChickens"":5,""в●ти | =exel="":3,""=Krombopulous_MYKL="":1,""вит | Phat_Cheeks57"":2,""Ξ вит | 季赛冠军"":3,""=Girth Brooks=(THICC)(CLWN)"":1}","{""B3n"":1,""Жan"":1,""Swift"":1,""Ralfus"":1,""Rob491"":1,""=R3C0N="":1,""=Oresto="":4,""D' Bearz"":3,""MrKravs33"":1,""=lolships="":1,""airaparent"":1,""=LordBarst="":1,""Crazy_boots"":2,""父 =Hodgy="":1,""SeatingChart"":2,""Vomit Coffin"":3,""BasicallyZack"":1,""WinnableSleet"":1,""=LordFarquaad="":1,""I_NoScoped_JFK"":3,""=Just Win Baby="":1,""ﾒ Bobothemonk"":1,""=Gatrick Swayze="":1,""вит | Ventil8"":1,""Ξ FreeTheChickens"":2,""Ж | =Alotta Bush="":1,""в●ти | =exel="":9,""=Krombopulous_MYKL="":3,""=Girth Brooks=(THICC)(CLWN)"":1}","660","2975","720","360","{""BAZOOKA"":4,""SATCHEL"":1,""M1 GARAND"":44,""MK2 GRENADE"":2}","{""MG42"":6,""MP40"":5,""STG44"":5,""FG42 x4"":6,""GEWEHR 43"":21,""KARABINER 98K"":4,""PANZERSCHRECK"":1,""150MM HOWITZER [sFH 18]"":10,""COAXIAL MG34 [Sd.Kfz.181 Tiger 1]"":3,""88 KWK 36 L/56 [Sd.Kfz.181 Tiger 1]"":1}"
"76561199085539517","MS | Smurf 我很爛","7","12","0.58","2","0.08","0.14","8","0","0","0","1710","68","{""JЖCK"":1,""Ж | Wix"":1,""Ж | Rath"":1,""нѕ | nes"":1,""Ж | GasMask"":1,""Ж | PiscisK"":1,""Ж | Eragon123※"":2,""• The China Guy"":3,""Ж︎ | -TL- Monster_Corndog"":1}","{""Ж | 3fm"":2,""Everblack"":2,""нs | Widow"":1,""PapaBearBaker"":1,""Ж︎ | Foxhole Norman"":1}","89","734","140","1340","{""GEWEHR 43"":7}","{""M1 GARAND"":7,""BROWNING M1919"":3,""COAXIAL M1919 [Stuart M5A1]"":1,""COAXIAL M1919 [Sherman M4A3E2(76)]"":1}"
"76561198059577481","Ж | DankNugz","23","52","0.44","5","0.28","0.63","6","0","2","1","394","18","{""DJ"":9,""B3n"":3,""kapk"":2,""R E A P"":3,""D' Bearz"":1,""DeathVice"":2,""MrKravs33"":1,""=Krusader="":1,""=Wurlstar="":2,""airaparent"":2,""Capt.Taylor"":2,""Crazy_boots"":3,""WhiskyPilot"":1,""SeatingChart"":1,""Vomit Coffin"":2,""I_NoScoped_JFK"":1,""=Just Win Baby="":1,""ﾒ Bobothemonk"":3,""ВOTИ | Archytek"":4,""Ξ FreeTheChickens"":1,""Ж | =Alotta Bush="":1,""=Krombopulous_MYKL="":2,""вит | Phat_Cheeks57"":3,""=Girth Brooks=(THICC)(CLWN)"":1}","{""kapk"":1,""R E A P"":3,""D' Bearz"":1,""MrKravs33"":1,""=Krusader="":1,""=Wurlstar="":2,""Crazy_boots"":2,""I_NoScoped_JFK"":1,""=Just Win Baby="":1,""=Gatrick Swayze="":1,""ВOTИ | Archytek"":1,""Ж | =Alotta Bush="":1,""=Krombopulous_MYKL="":1,""вит | Phat_Cheeks57"":4,""=Girth Brooks=(THICC)(CLWN)"":2}","245","975","940","200","{""M1 GARAND"":22,""MK2 GRENADE"":1}","{""MG42"":9,""MP40"":2,""STG44"":4,""FG42 x4"":1,""GEWEHR 43"":21,""KARABINER 98K"":4,""75MM CANNON [PAK 40]"":2,""150MM HOWITZER [sFH 18]"":9}"
"76561198066096035","Ж | y U h ※","16","23","0.7","3","0.19","0.28","8","0","3","2","968","15","{""DJ"":12,""B3n"":1,""Swift"":1,""Rob491"":1,""Will b"":1,""R E A P"":3,""=Just Win Baby="":1,""вит | Phat_Cheeks57"":2,""=Girth Brooks=(THICC)(CLWN)"":1}","{""kapk"":2,""Swift"":3,""R E A P"":1,""MrKravs33"":1,""More Ghana"":1,""Crazy_boots"":1,""Vomit Coffin"":2,""=LordFarquaad="":1,""ﾒ Bobothemonk"":1,""ВOTИ | Archytek"":1,""Ж | =Alotta Bush="":1,""=Girth Brooks=(THICC)(CLWN)"":1}","150","875","1100","320","{""M1 GARAND"":16}","{""MG42"":3,""STG44"":2,""GEWEHR 43"":4,""STRAFING RUN"":1,""75MM CANNON [PAK 40]"":1,""150MM HOWITZER [sFH 18]"":12}"
"76561199192778063","Ralfus","6","70","0.09","1","0.07","0.85","30","0","0","0","180","26","{""PUCK"":4,""FLERG"":5,""JЖCK"":4,""Large"":1,""Mongo"":4,""Trots"":3,""MUG..."":1,""Ξ Sanzu"":3,""Convenant"":5,""Ж | Mage"":2,""Ж | Rath"":1,""》Sherby"":3,""wolf pussy"":1,""нѕ | nes"":1,""Ж | Davako"":1,""Ж | PiscisK"":1,""Ж | Whiskey"":1,""Ж | OG Panda"":1,""Ж | Tadiktor"":3,""TouchMyGangsta"":3,""DooperDupinskie"":6,""Ж︎ | Poptart"":3,""Ж | wildcard.NS"":1,""Ж | Eragon123※"":3,""Ж | Crystal Claude"":3,""Ж | yourmomsmother"":2,""Ж︎ | No Chill Anna"":3,""Ж︎ | -TL- Monster_Corndog"":1}","{""Ξ Sanzu"":1,""Ж | Rath"":1,""нs | Widow"":1,""DooperDupinskie"":1,""Ж | Crystal Claude"":1,""Ж︎ | No Chill Anna"":1}","75","465","620","340","{""KARABINER 98K"":6}","{""BAZOOKA"":1,""M1 GARAND"":43,""M3 GREASE GUN"":3,""BROWNING M1919"":8,""Sherman M4A3E2(76)"":1,""155MM HOWITZER [M114]"":2,""37MM CANNON [Stuart M5A1]"":1,""HULL M1919 [Sherman M4A3E2(76)]"":1,""76MM M1 GUN [Sherman M4A3E2(76)]"":7,""COAXIAL M1919 [Sherman M4A3E2(76)]"":3}"
"76561199142057984","вит | Ventil8","15","40","0.38","4","0.18","0.48","17","0","0","0","604","19","{""PUCK"":1,""JЖCK"":1,""Large"":1,""Mongo"":1,""Trots"":1,""zesty"":3,""MUG..."":4,""Ξ Sanzu"":3,""Ж | Wix"":1,""Convenant"":1,""Ж | Rath"":3,""✿ Seely"":1,""Ж | HeiZa"":1,""нs | Widow"":5,""PapaBearBaker"":2,""Ж | Tadiktor"":1,""Ж | wildcard.NS"":1,""Ж | Eragon123※"":2,""Ж | yourmomsmother"":2,""My Ego > Bad Intentions"":2,""Ж︎ | -TL- Monster_Corndog"":3}","{""zesty"":5,""MUG..."":1,""Ξ Sanzu"":1,""Convenant"":1,""》Sherby"":1,""нs | Widow"":1,""PapaBearBaker"":1,""• The China Guy"":1,""My Ego > Bad Intentions"":2,""Ж︎ | -TL- Monster_Corndog"":1}","178","896","760","540","{""GEWEHR 43"":15}","{""M1 GARAND"":27,""BROWNING M1919"":5,""M6 37mm [M8 Greyhound]"":1,""75MM CANNON [Sherman M4A3(75)W]"":1,""HULL M1919 [Sherman M4A3E2(76)]"":3,""76MM M1 GUN [Sherman M4A3E2(76)]"":2,""COAXIAL M1919 [Sherman M4A3E2(76)]"":1}"
"76561199372726194","Ж︎ | -TL- Monster_Corndog","54","34","1.59","19","0.65","0.41","6","0","0","0","507","26","{""DJ"":4,""kapk"":1,""Жan"":1,""Swift"":1,""Rob491"":3,""Will b"":3,""=Nerdy="":1,""=Oresto="":3,""DeathVice"":2,""SeatingChart"":2,""Vomit Coffin"":2,""BasicallyZack"":3,""=LordFarquaad="":1,""=Just Win Baby="":1,""ﾒ Bobothemonk"":1,""вит | Ventil8"":1,""Ξ FreeTheChickens"":1,""в●ти | =exel="":1,""Ξ вит | 季赛冠军"":1,""=Girth Brooks=(THICC)(CLWN)"":1}","{""Жan"":4,""Ralfus"":1,""Rob491"":2,""Will b"":3,""=Nerdy="":2,""=R3C0N="":1,""=Vidar="":4,""=Oresto="":4,""D' Bearz"":1,""ULFBERHT"":1,""DeathVice"":1,""More Ghana"":2,""=LordBarst="":1,""Capt.Taylor"":3,""Crazy_boots"":1,""WhiskyPilot"":1,""SeatingChart"":1,""=LordFarquaad="":4,""I_NoScoped_JFK"":2,""вит | Ventil8"":3,""ВOTИ | Archytek"":1,""Ξ FreeTheChickens"":1,""Ж | =Alotta Bush="":4,""в●ти | =exel="":1,""=Krombopulous_MYKL="":2,""MS | Smurf 我很爛"":1,""вит | Phat_Cheeks57"":1,""=Girth Brooks=(THICC)(CLWN)"":1}","578","2700","1180","20","{""BROWNING M1919"":54}","{""MG42"":2,""STG44"":3,""SATCHEL"":1,""GEWEHR 43"":16,""KARABINER 98K"":4,""PANZERSCHRECK"":1,""150MM HOWITZER [sFH 18]"":4,""75MM CANNON [Sd.Kfz.161 Panzer IV]"":3}"
"76561197960409371","Ж | GasMask","8","6","1.33","2","0.1","0.07","3","0","0","0","3056","52","{""kapk"":1,""Жan"":2,""Rob491"":1,""SeatingChart"":1,""=Gatrick Swayze="":1}","{""Жan"":2,""Swift"":1,""DeathVice"":1,""airaparent"":1,""Crazy_boots"":2,""MS | Smurf 我很爛"":1}","112","372","1480","0","{""M1 GARAND"":8}","{""S-MINE"":1,""GEWEHR 43"":4,""75MM CANNON [PAK 40]"":1}"
"76561199388379600","PUCK","62","79","0.78","7","0.75","0.95","7","0","0","0","253","18","{""DJ"":9,""B3n"":3,""kapk"":2,""Жan"":1,""Swift"":2,""Will b"":1,""=Caono="":1,""R E A P"":3,""=Oresto="":2,""D' Bearz"":4,""DeathVice"":4,""MrKravs33"":4,""=Wurlstar="":1,""More Ghana"":1,""airaparent"":6,""Capt.Taylor"":2,""Crazy_boots"":6,""WhiskyPilot"":2,""SeatingChart"":3,""Vomit Coffin"":2,""=LordFarquaad="":2,""I_NoScoped_JFK"":2,""=Just Win Baby="":1,""ﾒ Bobothemonk"":3,""=Gatrick Swayze="":2,""ВOTИ | Archytek"":1,""Ξ FreeTheChickens"":1,""Ж | =Alotta Bush="":1,""=Krombopulous_MYKL="":1,""вит | Phat_Cheeks57"":1,""=Girth Brooks=(THICC)(CLWN)"":5}","{""B3n"":1,""Жan"":1,""Swift"":2,""Ralfus"":4,""=Nerdy="":2,""R E A P"":3,""=Oresto="":3,""D' Bearz"":5,""=Krusader="":2,""=Wurlstar="":3,""More Ghana"":1,""airaparent"":5,""=LordBarst="":1,""Capt.Taylor"":2,""Crazy_boots"":4,""SeatingChart"":1,""Vomit Coffin"":3,""=LordFarquaad="":3,""I_NoScoped_JFK"":4,""=Just Win Baby="":2,""ﾒ Bobothemonk"":1,""=Gatrick Swayze="":1,""вит | Ventil8"":1,""Ж | =Alotta Bush="":1,""в●ти | =exel="":1,""=Krombopulous_MYKL="":1,""вит | Phat_Cheeks57"":1,""=Girth Brooks=(THICC)(CLWN)"":3}","562","370","660","340","{""BAZOOKA"":3,""M1 GARAND"":58,""M1918A2 BAR"":1}","{""MG42"":9,""MP40"":1,""STG44"":5,""FG42 x4"":1,""GEWEHR 43"":41,""KARABINER 98K"":7,""PANZERSCHRECK"":3,""75MM CANNON [PAK 40]"":2,""M43 STIELHANDGRANATE"":1,""150MM HOWITZER [sFH 18]"":9}"
"76561198066940399","SeatingChart","32","55","0.58","9","0.38","0.65","12","0","0","0","418","13","{""PUCK"":1,""FLERG"":2,""JЖCK"":1,""Large"":2,""Mongo"":3,""MUG..."":3,""Ξ Sanzu"":4,""Ж | Wix"":1,""Convenant"":3,""Ж | Mage"":5,""Ж | Rath"":6,""》Sherby"":2,""wolf pussy"":2,""Ж | Davako"":1,""нs | Widow"":2,""Ж | PiscisK"":2,""Ж | Whiskey"":1,""PapaBearBaker"":1,""TouchMyGangsta"":1,""Ж | Badger™"":1,""DooperDupinskie"":3,""Ж︎ | Poptart"":3,""Ж | Eragon123※"":2,""Ж | Crystal Claude"":1,""Ж︎ | No Chill Anna"":1,""Ж︎ | -TL- Monster_Corndog"":1}","{""."":1,""PUCK"":3,""FLERG"":3,""Mongo"":1,""MUG..."":1,""Ξ Sanzu"":1,""Convenant"":1,""Everblack"":1,""》Sherby"":1,""нѕ | nes"":1,""Stellar-INF"":1,""Ж | Davako"":1,""нs | Widow"":3,""Ж | GasMask"":1,""Ж | Whiskey"":1,""PapaBearBaker"":1,""Ж | DankNugz"":1,""Ж︎ | bones"":1,""Ж︎ | Poptart"":2,""Ж | Eragon123※"":2,""Ж︎ | No Chill Anna"":1,""My Ego > Bad Intentions"":1,""Ж︎ | -TL- Monster_Corndog"":2}","304","310","340","580","{""GEWEHR 43"":32}","{""BAZOOKA"":1,""M1 GARAND"":35,""COLT M1911"":1,""M1918A2 BAR"":1,""MK2 GRENADE"":3,""BROWNING M1919"":6,""155MM HOWITZER [M114]"":5,""37MM CANNON [Stuart M5A1]"":1,""75MM CANNON [Sherman M4A3(75)W]"":1,""COAXIAL M1919 [Sherman M4A3E2(76)]"":1}"
"76561198136736730","=Nerdy=","9","36","0.25","3","0.11","0.43","12","0","0","0","527","28","{""."":1,""PUCK"":2,""FLERG"":1,""JЖCK"":2,""Mongo"":1,""zesty"":1,""MUG..."":2,""Ξ Sanzu"":7,""Ж | Mage"":1,""Ж | Rath"":3,""Stellar-INF"":1,""Ж | Davako"":1,""нs | Widow"":5,""Ж | PiscisK"":1,""Ж | Badger™"":1,""Ж︎ | Poptart"":1,""Ж | wildcard.NS"":1,""Ж | Eragon123※"":1,""My Ego > Bad Intentions"":1,""Ж︎ | -TL- Monster_Corndog"":2}","{""Large"":1,""MUG..."":1,""Ξ Sanzu"":1,""Convenant"":1,""Ж | Davako"":1,""нs | Widow"":1,""My Ego > Bad Intentions"":2,""Ж︎ | -TL- Monster_Corndog"":1}","111","1106","980","320","{""GEWEHR 43"":9}","{""UNKNOWN"":1,""M1 GARAND"":26,""COLT M1911"":1,""M1 CARBINE"":1,""M1A1 THOMPSON"":1,""BROWNING M1919"":3,""155MM HOWITZER [M114]"":1,""COAXIAL M1919 [Sherman M4A3(75)W]"":1,""COAXIAL M1919 [Sherman M4A3E2(76)]"":1}"
"76561199380101095","Capt.Taylor","23","28","0.82","5","0.28","0.34","6","0","0","0","566","35","{""PUCK"":2,""MUG..."":1,""Ξ Sanzu"":2,""Convenant"":2,""Ж | Rath"":2,""✿ Seely"":2,""wolf pussy"":1,""Ж | Davako"":2,""Ж | Whiskey"":1,""Ж | OG Panda"":2,""TouchMyGangsta"":1,""DooperDupinskie"":1,""Ж︎ | Poptart"":1,""Ж | Eragon123※"":2,""Ж | Crystal Claude"":1,""Ж︎ | No Chill Anna"":1,""My Ego > Bad Intentions"":1,""Ж︎ | -TL- Monster_Corndog"":3}","{""."":1,""PUCK"":2,""FLERG"":1,""Mongo"":1,""zesty"":1,""Ξ Sanzu"":1,""Convenant"":1,""Ж | Rath"":1,""wolf pussy"":1,""Stellar-INF"":1,""Ж | Davako"":2,""нs | Widow"":2,""Ж | Whiskey"":1,""Ж | DankNugz"":2,""Ж | OG Panda"":1,""DooperDupinskie"":1,""Ж︎ | No Chill Anna"":1,""My Ego > Bad Intentions"":2}","225","563","1180","220","{""GEWEHR 43"":23}","{""M1 GARAND"":20,""BROWNING M1919"":7,""M97 TRENCH GUN"":1}"
"76561198115926076","Ξ вит | Comrade Grimm","2","20","0.1","1","0.02","0.24","11","0","1","1","757","27","{""JЖCK"":8,""zesty"":3,""Convenant"":1,""Ж | Mage"":1,""Ж | Whiskey"":1,""Ж | OG Panda"":1,""Ж | Tadiktor"":1,""Ж︎ | bones"":1,""Ж | Eragon123※"":1,""• The China Guy"":1,""My Ego > Bad Intentions"":1}","{""zesty"":1,""Ж | Eragon123※"":1}","224","630","980","280","{""COAXIAL MG34 [Sd.Kfz.234 Puma]"":1,""50mm KwK 39/1 [Sd.Kfz.234 Puma]"":1}","{""BAZOOKA"":1,""M1 GARAND"":5,""M1 CARBINE"":1,""M3 GREASE GUN"":2,""BROWNING M1919"":1,""155MM HOWITZER [M114]"":1,""76MM M1 GUN [Sherman M4A3E2(76)]"":9}"
"76561198043221756","D' Bearz","26","57","0.46","5","0.32","0.69","8","0","2","2","337","13","{""PUCK"":5,""JЖCK"":1,""Large"":3,""Mongo"":1,""MUG..."":1,""Ξ Sanzu"":6,""Ж | 3fm"":1,""Convenant"":4,""Ж | Mage"":12,""Ж | Rath"":4,""wolf pussy"":1,""нѕ | nes"":2,""Stellar-INF"":1,""нs | Widow"":1,""Ж | DankNugz"":1,""Ж | OG Panda"":1,""Ж︎ | bones"":1,""TouchMyGangsta"":2,""DooperDupinskie"":1,""Ж︎ | Poptart"":3,""Ж | Eragon123※"":2,""Ж | Crystal Claude"":1,""Ж︎ | No Chill Anna"":1,""Ж︎ | -TL- Monster_Corndog"":1}","{""PUCK"":4,""Large"":2,""MUG..."":2,""Ξ Sanzu"":1,""Convenant"":1,""Ж | Rath"":3,""✿ Seely"":3,""Ж | Davako"":1,""нs | Widow"":1,""Ж | DankNugz"":1,""Ж | OG Panda"":1,""Ж︎ | bones"":2,""Ж | Crystal Claude"":1,""Ж︎ | No Chill Anna"":3}","242","1325","480","580","{""GEWEHR 43"":25,""M43 STIELHANDGRANATE"":1}","{""M3 KNIFE"":1,""M1 GARAND"":33,""M1 CARBINE"":1,""MK2 GRENADE"":2,""M1A1 THOMPSON"":1,""BROWNING M1919"":6,""155MM HOWITZER [M114]"":12,""76MM M1 GUN [Sherman M4A3E2(76)]"":1}"
"76561198844383640","=Caono=","16","31","0.52","4","0.19","0.37","8","0","0","0","531","28","{""zesty"":8,""MUG..."":1,""Ξ Sanzu"":2,""Ж | Wix"":1,""Convenant"":2,""》Sherby"":1,""нѕ | nes"":1,""Ж | Davako"":1,""нs | Widow"":1,""Ж | PiscisK"":1,""Ж | OG Panda"":2,""Ж | Tadiktor"":1,""TouchMyGangsta"":2,""DooperDupinskie"":2,""Ж | wildcard.NS"":1,""My Ego > Bad Intentions"":4}","{""."":2,""PUCK"":1,""Ξ Sanzu"":1,""Ж | Davako"":4,""Ж | Whiskey"":4,""Ж | OG Panda"":2,""DooperDupinskie"":1,""Ж | Crystal Claude"":1}","249","626","940","280","{""MP40"":1,""GEWEHR 43"":9,""KARABINER 98K"":5,""M43 STIELHANDGRANATE"":1}","{""M1 GARAND"":26,""M8 Greyhound"":1,""BROWNING M1919"":2,""75MM CANNON [Sherman M4A3(75)W]"":1,""76MM M1 GUN [Sherman M4A3E2(76)]"":1}"
"76561198131252354","Ж︎ | No Chill Anna","38","51","0.75","7","0.46","0.62","7","0","2","1","273","25","{""DJ"":7,""B3n"":9,""kapk"":2,""Ralfus"":1,""Will b"":2,""=Vidar="":1,""R E A P"":2,""=Oresto="":1,""D' Bearz"":3,""DeathVice"":5,""MrKravs33"":2,""=Wurlstar="":2,""airaparent"":2,""Capt.Taylor"":1,""Crazy_boots"":1,""SeatingChart"":1,""=Just Win Baby="":1,""ﾒ Bobothemonk"":1,""ВOTИ | Archytek"":1,""Ξ FreeTheChickens"":1,""Ж | =Alotta Bush="":1,""вит | Phat_Cheeks57"":2,""=Girth Brooks=(THICC)(CLWN)"":2}","{""kapk"":1,""Жan"":1,""Swift"":1,""Ralfus"":3,""Rob491"":2,""Will b"":1,""=Vidar="":1,""R E A P"":4,""D' Bearz"":1,""DeathVice"":1,""=Wurlstar="":2,""More Ghana"":1,""airaparent"":2,""Capt.Taylor"":1,""SeatingChart"":1,""Vomit Coffin"":1,""=LordFarquaad="":1,""=Just Win Baby="":1,""ﾒ Bobothemonk"":2,""=Gatrick Swayze="":1,""Ж | =Alotta Bush="":1,""=Krombopulous_MYKL="":2,""=Girth Brooks=(THICC)(CLWN)"":6}","341","220","660","400","{""BAZOOKA"":1,""M1 GARAND"":37}","{""MG42"":16,""STG44"":4,""FG42 x4"":1,""GEWEHR 43"":19,""BOMBING RUN"":1,""KARABINER 98K"":1,""PANZERSCHRECK"":1,""M43 STIELHANDGRANATE"":1,""150MM HOWITZER [sFH 18]"":7}"
"76561198348103342","I_NoScoped_JFK","48","53","0.91","5","0.57","0.63","6","3","1","1","404","20","{""PUCK"":4,""FLERG"":1,""Large"":3,""Mongo"":7,""Trots"":1,""MUG..."":1,""Ξ Sanzu"":1,""Convenant"":8,""Everblack"":1,""Ж | Mage"":2,""Ж | Rath"":6,""✿ Seely"":2,""》Sherby"":4,""wolf pussy"":2,""нѕ | nes"":2,""нs | Widow"":1,""PapaBearBaker"":1,""Ж | DankNugz"":1,""Ж | Tadiktor"":1,""Ж︎ | bones"":1,""Ж | Eragon123※"":1,""Ж︎ | -TL- Monster_Corndog"":2}","{""PUCK"":2,""FLERG"":1,""Large"":3,""Mongo"":5,""MUG..."":1,""Convenant"":4,""Ж | Rath"":4,""✿ Seely"":2,""》Sherby"":5,""нѕ | nes"":2,""Stellar-INF"":2,""Ж | Davako"":5,""нs | Widow"":3,""PapaBearBaker"":1,""Ж | DankNugz"":1,""Ж︎ | bones"":3,""Ж︎ | Poptart"":3,""Ж | Crystal Claude"":1}","436","1312","680","460","{""GEWEHR 43"":48}","{""SATCHEL"":1,""M1 GARAND"":39,""M1 CARBINE"":1,""BOMBING RUN"":1,""MK2 GRENADE"":1,""M3 GREASE GUN"":1,""BROWNING M1919"":5,""155MM HOWITZER [M114]"":2,""76MM M1 GUN [Sherman M4A3E2(76)]"":2}"
"76561198091006256","Жan","45","44","1.02","4","0.54","0.53","4","0","0","0","321","13","{""PUCK"":1,""FLERG"":1,""JЖCK"":4,""Large"":1,""Mongo"":2,""Ξ Sanzu"":3,""Ж | Wix"":2,""Convenant"":3,""Everblack"":1,""✿ Seely"":3,""нѕ | nes"":1,""Ж | Davako"":1,""нs | Widow"":1,""Ж | GasMask"":2,""Ж | PiscisK"":2,""PapaBearBaker"":1,""TouchMyGangsta"":1,""Ж | Badger™"":1,""Ж︎ | Poptart"":4,""Ж | wildcard.NS"":1,""Ж | Eragon123※"":1,""• The China Guy"":2,""Ж︎ | No Chill Anna"":1,""Ж︎ | -TL- Monster_Corndog"":4}","{""."":2,""PUCK"":1,""Large"":1,""Mongo"":1,""zesty"":2,""MUG..."":1,""Ξ Sanzu"":2,""Convenant"":1,""✿ Seely"":1,""нѕ | nes"":3,""Stellar-INF"":1,""Ж | Davako"":3,""нs | Widow"":3,""Ж | GasMask"":2,""Ж | PiscisK"":5,""PapaBearBaker"":3,""Ж︎ | bones"":3,""Ж︎ | Poptart"":1,""Ж | wildcard.NS"":3,""• The China Guy"":2,""My Ego > Bad Intentions"":3,""Ж︎ | -TL- Monster_Corndog"":1}","453","663","240","900","{""GEWEHR 43"":45}","{""BAZOOKA"":1,""M1 GARAND"":29,""COLT M1911"":1,""M8 Greyhound"":1,""BROWNING M1919"":6,""M6 37mm [M8 Greyhound]"":1,""37MM CANNON [Stuart M5A1]"":1,""76MM M1 GUN [Sherman M4A3E2(76)]"":1,""COAXIAL M1919 [Sherman M4A3E2(76)]"":3}"
"76561198193020965","Ж | Mage","147","0","147","147","1.77","0","0","3","0","0","4991","4991","{}","{""B3n"":6,""kapk"":3,""Swift"":1,""Ralfus"":2,""Rob491"":1,""=Nerdy="":1,""R E A P"":7,""=Oresto="":1,""D' Bearz"":12,""ULFBERHT"":2,""DeathVice"":2,""MrKravs33"":6,""=ApachiJr="":1,""=Wurlstar="":5,""=lolships="":1,""More Ghana"":10,""airaparent"":12,""Crazy_boots"":10,""WhiskyPilot"":1,""SeatingChart"":5,""Vomit Coffin"":4,""WinnableSleet"":1,""I_NoScoped_JFK"":2,""=Just Win Baby="":3,""ﾒ Bobothemonk"":6,""=Gatrick Swayze="":9,""ВOTИ | Archytek"":3,""Ξ FreeTheChickens"":2,""Ж | =Alotta Bush="":4,""в●ти | =exel="":4,""=Krombopulous_MYKL="":5,""вит | Phat_Cheeks57"":4,""Ξ вит | 季赛冠军"":1,""Ξ вит | Comrade Grimm"":1,""=Girth Brooks=(THICC)(CLWN)"":9}","1333","0","1700","0","{""UNKNOWN"":1,""155MM HOWITZER [M114]"":146}","{}"
"76561198055409364","=Vidar=","11","38","0.29","2","0.13","0.46","16","0","1","1","1307","-140","{""zesty"":2,""MUG..."":1,""Ξ Sanzu"":2,""Convenant"":1,""Ж | Rath"":8,""✿ Seely"":1,""нs | Widow"":6,""Ж | Whiskey"":1,""PapaBearBaker"":1,""Ж | OG Panda"":1,""Ж | Eragon123※"":3,""Ж | yourmomsmother"":1,""Ж︎ | No Chill Anna"":1,""Ж︎ | Foxhole Norman"":2,""My Ego > Bad Intentions"":3,""Ж︎ | -TL- Monster_Corndog"":4}","{""zesty"":2,""нs | Widow"":2,""PapaBearBaker"":1,""• The China Guy"":1,""Ж︎ | No Chill Anna"":1,""Ж︎ | Foxhole Norman"":1,""My Ego > Bad Intentions"":3}","219","275","640","540","{""GEWEHR 43"":5,""KARABINER 98K"":5,""PANZERSCHRECK"":1}","{""BAZOOKA"":1,""M1 GARAND"":28,""M3 GREASE GUN"":1,""BROWNING M1919"":7,""HULL M1919 [Sherman M4A3E2(76)]"":1}"
"76561198031909413","Ж | Whiskey","44","51","0.86","6","0.53","0.62","5","2","2","1","545","21","{""DJ"":2,""B3n"":7,""kapk"":5,""Will b"":2,""=Caono="":4,""R E A P"":3,""MrKravs33"":3,""=Krusader="":2,""=Wurlstar="":6,""airaparent"":3,""=LordBarst="":3,""Capt.Taylor"":1,""SeatingChart"":1,""BasicallyZack"":1,""WinnableSleet"":1,""ﾒ Bobothemonk"":3,""ВOTИ | Archytek"":2,""=Krombopulous_MYKL="":1,""вит | Phat_Cheeks57"":1}","{""B3n"":3,""kapk"":2,""Swift"":2,""Ralfus"":1,""Will b"":1,""=Vidar="":1,""R E A P"":2,""DeathVice"":2,""MrKravs33"":2,""=Wurlstar="":10,""More Ghana"":1,""airaparent"":2,""=LordBarst="":1,""Capt.Taylor"":1,""Crazy_boots"":1,""SeatingChart"":1,""=LordFarquaad="":1,""ВOTИ | Archytek"":1,""Ж | =Alotta Bush="":1,""=Krombopulous_MYKL="":4,""вит | Phat_Cheeks57"":1,""Ξ вит | Comrade Grimm"":1,""=Girth Brooks=(THICC)(CLWN)"":2}","521","243","560","560","{""BAZOOKA"":1,""M1 GARAND"":38,""MK2 GRENADE"":1,""M3 GREASE GUN"":4}","{""MG42"":10,""STG44"":3,""FG42 x4"":3,""GEWEHR 43"":23,""WALTHER P38"":1,""KARABINER 98K"":6,""M43 STIELHANDGRANATE"":2,""150MM HOWITZER [sFH 18]"":2,""75MM CANNON [Sd.Kfz.161 Panzer IV]"":1}"
"76561198867986795","airaparent","70","70","1","11","0.83","0.83","7","0","0","0","306","15","{""PUCK"":5,""JЖCK"":1,""Large"":1,""Mongo"":1,""zesty"":2,""Ξ Sanzu"":3,""Convenant"":9,""Ж | Mage"":12,""Ж | Rath"":1,""✿ Seely"":1,""》Sherby"":3,""wolf pussy"":4,""нѕ | nes"":2,""Ж | Davako"":3,""Ж | GasMask"":1,""Ж | Whiskey"":2,""Ж | OG Panda"":1,""Ж︎ | bones"":1,""DooperDupinskie"":3,""Ж︎ | Poptart"":5,""Ж | Orangeblack"":1,""Ж | wildcard.NS"":1,""Ж | Eragon123※"":3,""Ж | Crystal Claude"":1,""Ж︎ | No Chill Anna"":2,""My Ego > Bad Intentions"":1}","{""."":2,""PUCK"":6,""FLERG"":4,""Large"":3,""Mongo"":3,""MUG..."":1,""Ξ Sanzu"":5,""Ж | Wix"":1,""Convenant"":2,""Ж | Rath"":4,""✿ Seely"":2,""》Sherby"":2,""wolf pussy"":3,""нѕ | nes"":3,""Stellar-INF"":3,""Ж | Davako"":5,""нs | Widow"":2,""Ж | Whiskey"":3,""Ж | DankNugz"":2,""Ж | OG Panda"":1,""Ж︎ | bones"":1,""TouchMyGangsta"":3,""Ж︎ | Poptart"":1,""Ж | wildcard.NS"":2,""Ж | Crystal Claude"":1,""Ж︎ | No Chill Anna"":2,""My Ego > Bad Intentions"":3}","654","245","540","420","{""STG44"":16,""FG42 x4"":27,""SATCHEL"":2,""GEWEHR 43"":25}","{""M1 GARAND"":47,""M1 CARBINE"":1,""BROWNING M1919"":7,""155MM HOWITZER [M114]"":12,""M6 37mm [M8 Greyhound]"":1,""HULL M1919 [Sherman M4A3E2(76)]"":1,""COAXIAL M1919 [Sherman M4A3E2(76)]"":1}"
"76561199181920668","DJ","158","0","158","158","1.89","0","0","2","0","0","5027","5027","{}","{""."":8,""PUCK"":9,""FLERG"":5,""Large"":10,""Mongo"":7,""zesty"":1,""MUG..."":6,""Ξ Sanzu"":9,""Ж | 3fm"":3,""Convenant"":2,""Ж | Rath"":10,""✿ Seely"":1,""》Sherby"":6,""wolf pussy"":3,""Stellar-INF"":7,""Ж | Davako"":5,""Ж | Whiskey"":2,""PapaBearBaker"":3,""Ж | DankNugz"":9,""Ж | OG Panda"":3,""Ж︎ | bones"":5,""Ж | Badger™"":1,""Ж | y U h ※"":12,""DooperDupinskie"":1,""Ж︎ | Poptart"":2,""Ж | Orangeblack"":1,""Ж | wildcard.NS"":2,""Ж | Eragon123※"":3,""• The China Guy"":4,""Ж | Crystal Claude"":4,""Ж︎ | No Chill Anna"":7,""Ж︎ | Foxhole Norman"":1,""My Ego > Bad Intentions"":2,""Ж︎ | -TL- Monster_Corndog"":4}","1267","0","1700","0","{""150MM HOWITZER [sFH 18]"":158}","{}"
"76561198023310582","WhiskyPilot","12","15","0.8","5","0.14","0.18","9","0","0","0","689","35","{""JЖCK"":6,""Trots"":1,""zesty"":1,""Ξ Sanzu"":1,""Ж | Wix"":1,""Ж | Mage"":1,""• The China Guy"":2,""My Ego > Bad Intentions"":1,""Ж︎ | -TL- Monster_Corndog"":1}","{""PUCK"":2,""JЖCK"":1,""Terry"":1,""Scythe"":1,""нѕ | nes"":1,""Stellar-INF"":1,""Ж | PiscisK"":1,""Ж | DankNugz"":1,""Ж | OG Panda"":1,""TouchMyGangsta"":1,""Ж | Crystal Claude"":1}","257","385","880","320","{""75MM CANNON [PAK 40]"":4,""20MM KWK 30 [Sd.Kfz.121 Luchs]"":1,""HULL MG34 [Sd.Kfz.181 Tiger 1]"":1,""COAXIAL MG34 [Sd.Kfz.181 Tiger 1]"":3,""88 KWK 36 L/56 [Sd.Kfz.181 Tiger 1]"":3}","{""BAZOOKA"":1,""M1 GARAND"":4,""BROWNING M1919"":1,""155MM HOWITZER [M114]"":1,""M6 37mm [M8 Greyhound]"":1,""76MM M1 GUN [Sherman M4A3E2(76)]"":6,""COAXIAL M1919 [Sherman M4A3E2(76)]"":1}"
"76561198182490779","=Wurlstar=","37","63","0.59","9","0.44","0.75","9","0","1","1","308","14","{""."":2,""PUCK"":3,""JЖCK"":2,""Trots"":2,""Convenant"":3,""Ж | Mage"":5,""✿ Seely"":1,""wolf pussy"":1,""Stellar-INF"":2,""Ж | Davako"":1,""Ж | Whiskey"":10,""Ж | DankNugz"":2,""Ж | OG Panda"":5,""Ж | Tadiktor"":1,""TouchMyGangsta"":2,""DooperDupinskie"":7,""Ж︎ | Poptart"":4,""• The China Guy"":3,""Ж | Crystal Claude"":5,""Ж︎ | No Chill Anna"":2}","{""."":3,""PUCK"":1,""Stellar-INF"":1,""Ж | Whiskey"":6,""Ж | DankNugz"":2,""Ж | OG Panda"":2,""DooperDupinskie"":9,""Ж︎ | Poptart"":1,""Ж | Crystal Claude"":9,""Ж︎ | No Chill Anna"":2,""My Ego > Bad Intentions"":1}","363","915","740","340","{""GEWEHR 43"":37}","{""BAZOOKA"":1,""UNKNOWN"":1,""M1 GARAND"":48,""M1A1 THOMPSON"":1,""BROWNING M1919"":3,""155MM HOWITZER [M114]"":4,""37MM CANNON [Stuart M5A1]"":1,""75MM CANNON [Sherman M4A3(75)W]"":2,""76MM M1 GUN [Sherman M4A3E2(76)]"":2}"
"76561197960324656","More Ghana","11","39","0.28","2","0.13","0.46","7","0","0","0","478","26","{""PUCK"":1,""FLERG"":2,""Mongo"":4,""Trots"":1,""Ξ Sanzu"":2,""Convenant"":1,""Everblack"":1,""Ж | Mage"":10,""Ж | Rath"":2,""》Sherby"":3,""wolf pussy"":1,""нs | Widow"":2,""Ж | Whiskey"":1,""Ж | y U h ※"":1,""DooperDupinskie"":2,""Ж︎ | No Chill Anna"":1,""Ж︎ | Foxhole Norman"":1,""My Ego > Bad Intentions"":1,""Ж︎ | -TL- Monster_Corndog"":2}","{""PUCK"":1,""Mongo"":1,""Ξ Sanzu"":2,""Ж | Davako"":1,""нs | Widow"":1,""Ж | PiscisK"":1,""Ж︎ | bones"":1,""DooperDupinskie"":1,""Ж | wildcard.NS"":1,""Ж | Crystal Claude"":1}","95","310","880","220","{""KARABINER 98K"":11}","{""M1 GARAND"":23,""BOMBING RUN"":1,""M3 GREASE GUN"":1,""BROWNING M1919"":3,""155MM HOWITZER [M114]"":10,""76MM M1 GUN [Sherman M4A3E2(76)]"":1}"
"76561198994849700","B3n","63","47","1.34","9","0.76","0.57","7","0","0","0","464","17","{""."":2,""PUCK"":1,""JЖCK"":6,""Large"":1,""Trots"":4,""zesty"":2,""MUG..."":2,""Convenant"":4,""Ж | Mage"":6,""wolf pussy"":1,""Stellar-INF"":1,""Ж | Davako"":1,""Ж | Whiskey"":3,""Ж | OG Panda"":1,""TouchMyGangsta"":2,""DooperDupinskie"":4,""Ж︎ | Poptart"":3,""Ж | wildcard.NS"":1,""Ж | Crystal Claude"":1,""My Ego > Bad Intentions"":1}","{""."":3,""PUCK"":3,""FLERG"":1,""Ξ Sanzu"":1,""Convenant"":3,""Ж | Rath"":1,""》Sherby"":1,""Stellar-INF"":2,""нs | Widow"":1,""Ж | Whiskey"":7,""PapaBearBaker"":2,""Ж | DankNugz"":3,""Ж | OG Panda"":4,""TouchMyGangsta"":2,""Ж | Badger™"":1,""Ж | y U h ※"":1,""DooperDupinskie"":5,""Ж︎ | Poptart"":6,""Ж | Crystal Claude"":7,""Ж︎ | No Chill Anna"":9}","668","155","1040","140","{""MG42"":61,""STG44"":2}","{""SATCHEL"":1,""M1 GARAND"":23,""M1 CARBINE"":1,""M1A1 THOMPSON"":1,""M3 GREASE GUN"":1,""BROWNING M1919"":3,""155MM HOWITZER [M114]"":6,""M6 37mm [M8 Greyhound]"":1,""37MM CANNON [Stuart M5A1]"":4,""76MM M1 GUN [Sherman M4A3E2(76)]"":2,""COAXIAL M1919 [Sherman M4A3(75)W]"":1,""COAXIAL M1919 [Sherman M4A3E2(76)]"":3}"
"76561198317583009","Ж | Rath","90","62","1.45","13","1.09","0.75","4","1","1","1","279","18","{""DJ"":10,""B3n"":1,""Ralfus"":1,""=Oresto="":6,""D' Bearz"":3,""DeathVice"":8,""airaparent"":4,""=LordBarst="":1,""Capt.Taylor"":1,""Crazy_boots"":1,""Vomit Coffin"":3,""BasicallyZack"":1,""=LordFarquaad="":1,""I_NoScoped_JFK"":4,""=Just Win Baby="":1,""ﾒ Bobothemonk"":3,""ВOTИ | Archytek"":2,""Ξ FreeTheChickens"":2,""Ж | =Alotta Bush="":1,""в●ти | =exel="":2,""=Krombopulous_MYKL="":2,""вит | Phat_Cheeks57"":1,""Ξ вит | 季赛冠军"":2,""=Girth Brooks=(THICC)(CLWN)"":1}","{""kapk"":1,""Swift"":1,""Ralfus"":1,""Rob491"":4,""Will b"":2,""=Nerdy="":3,""=Vidar="":8,""=Oresto="":6,""D' Bearz"":4,""DeathVice"":1,""=Krusader="":1,""More Ghana"":2,""airaparent"":1,""Capt.Taylor"":2,""Crazy_boots"":2,""SeatingChart"":6,""Vomit Coffin"":5,""BasicallyZack"":1,""=LordFarquaad="":1,""I_NoScoped_JFK"":6,""=Gatrick Swayze="":3,""вит | Ventil8"":3,""ВOTИ | Archytek"":2,""Ξ FreeTheChickens"":7,""Ж | =Alotta Bush="":4,""в●ти | =exel="":5,""=Krombopulous_MYKL="":3,""MS | Smurf 我很爛"":1,""вит | Phat_Cheeks57"":1,""Ξ вит | 季赛冠军"":2,""=Girth Brooks=(THICC)(CLWN)"":1}","891","258","860","240","{""BAZOOKA"":1,""M1 GARAND"":79,""M1918A2 BAR"":3,""MK2 GRENADE"":4,""M3 GREASE GUN"":2,""M97 TRENCH GUN"":1}","{""MG42"":9,""MP40"":2,""STG44"":9,""FG42 x4"":3,""GEWEHR 43"":22,""KARABINER 98K"":5,""M43 STIELHANDGRANATE"":1,""150MM HOWITZER [sFH 18]"":10,""75MM CANNON [Sd.Kfz.161 Panzer IV]"":1}"
"76561198262539303","FLERG","53","42","1.26","8","0.64","0.51","8","2","2","2","278","26","{""DJ"":5,""B3n"":1,""kapk"":2,""Swift"":2,""=R3C0N="":1,""R E A P"":1,""=Oresto="":2,""DeathVice"":3,""=lolships="":1,""airaparent"":4,""Capt.Taylor"":1,""Crazy_boots"":2,""SeatingChart"":3,""Vomit Coffin"":2,""BasicallyZack"":1,""=LordFarquaad="":1,""I_NoScoped_JFK"":1,""Ξ FreeTheChickens"":2,""Ж | =Alotta Bush="":2,""=Krombopulous_MYKL="":2,""вит | Phat_Cheeks57"":1,""=Girth Brooks=(THICC)(CLWN)"":2}","{""kapk"":1,""Жan"":1,""Swift"":2,""Ralfus"":5,""=Nerdy="":1,""=R3C0N="":1,""R E A P"":2,""=Oresto="":4,""ULFBERHT"":1,""=ApachiJr="":1,""=Krusader="":1,""More Ghana"":2,""Crazy_boots"":4,""SeatingChart"":2,""Vomit Coffin"":2,""=LordFarquaad="":2,""I_NoScoped_JFK"":1,""=Just Win Baby="":1,""ﾒ Bobothemonk"":3,""=Gatrick Swayze="":2,""ВOTИ | Archytek"":2,""Ж | =Alotta Bush="":7,""=Krombopulous_MYKL="":1,""вит | Phat_Cheeks57"":1,""=Girth Brooks=(THICC)(CLWN)"":3}","521","305","1120","60","{""BAZOOKA"":6,""M1 GARAND"":39,""M3 GREASE GUN"":8}","{""MG42"":5,""MP40"":3,""STG44"":5,""FG42 x4"":2,""GEWEHR 43"":17,""KARABINER 98K"":1,""M43 STIELHANDGRANATE"":1,""150MM HOWITZER [sFH 18]"":5,""COAXIAL MG34 [Sd.Kfz.121 Luchs]"":1,""COAXIAL MG34 [Sd.Kfz.181 Tiger 1]"":1,""COAXIAL MG34 [Sd.Kfz.161 Panzer IV]"":1}"
"76561199200242461","Ж︎ | Foxhole Norman","10","23","0.43","2","0.12","0.28","7","0","0","0","970","38","{""DJ"":1,""kapk"":2,""Swift"":7,""Rob491"":1,""=Vidar="":1,""=Oresto="":1,""=LordFarquaad="":1,""=Just Win Baby="":1,""Ξ FreeTheChickens"":3,""в●ти | =exel="":1,""MS | Smurf 我很爛"":1,""вит | Phat_Cheeks57"":1,""Ξ вит | 季赛冠军"":2}","{""Swift"":1,""Will b"":1,""=Vidar="":2,""More Ghana"":1,""=LordFarquaad="":1,""=Just Win Baby="":1,""Ξ FreeTheChickens"":1,""Ж | =Alotta Bush="":1,""в●ти | =exel="":1}","100","598","1440","0","{""M1 GARAND"":10}","{""MG42"":1,""STG44"":3,""GEWEHR 43"":14,""KARABINER 98K"":4,""150MM HOWITZER [sFH 18]"":1}"
"76561198141917000","Ξ FreeTheChickens","49","44","1.11","4","0.59","0.53","6","0","0","0","302","19","{""JЖCK"":3,""Large"":2,""Mongo"":1,""Trots"":2,""MUG..."":5,""Ξ Sanzu"":4,""Convenant"":3,""Ж | Mage"":2,""Ж | Rath"":7,""✿ Seely"":1,""》Sherby"":1,""wolf pussy"":1,""Ж | HeiZa"":1,""нѕ | nes"":1,""нs | Widow"":3,""Ж | PiscisK"":1,""Ж | Tadiktor"":2,""Ж | wildcard.NS"":1,""• The China Guy"":1,""Ж︎ | Foxhole Norman"":1,""Ж︎ | -TL- Monster_Corndog"":1}","{""."":1,""PUCK"":1,""FLERG"":2,""Large"":5,""Mongo"":1,""MUG..."":4,""Ξ Sanzu"":3,""Convenant"":4,""Ж | Rath"":2,""✿ Seely"":2,""》Sherby"":1,""Ж | Davako"":1,""нs | Widow"":4,""Ж | PiscisK"":4,""PapaBearBaker"":2,""Ж | DankNugz"":1,""Ж︎ | bones"":2,""Ж︎ | Poptart"":1,""Ж | wildcard.NS"":1,""Ж | Eragon123※"":1,""Ж︎ | No Chill Anna"":1,""Ж︎ | Foxhole Norman"":3,""My Ego > Bad Intentions"":1,""Ж︎ | -TL- Monster_Corndog"":1}","547","480","440","720","{""MP40"":3,""STG44"":6,""FG42 x4"":13,""GEWEHR 43"":15,""KARABINER 98K"":9,""KARABINER 98K x8"":3}","{""SATCHEL"":1,""M1 GARAND"":29,""MK2 GRENADE"":1,""BROWNING M1919"":2,""155MM HOWITZER [M114]"":2,""COAXIAL M1919 [Stuart M5A1]"":1,""HULL M1919 [Sherman M4A3E2(76)]"":1,""76MM M1 GUN [Sherman M4A3E2(76)]"":2,""COAXIAL M1919 [Sherman M4A3E2(76)]"":5}"
"76561198178497006","нѕ | nes","40","30","1.33","9","0.48","0.36","8","0","0","0","398","35","{""kapk"":3,""Жan"":3,""Will b"":1,""DeathVice"":5,""MrKravs33"":2,""airaparent"":3,""WhiskyPilot"":1,""SeatingChart"":1,""Vomit Coffin"":3,""=LordFarquaad="":3,""I_NoScoped_JFK"":2,""=Just Win Baby="":1,""Ж | =Alotta Bush="":1,""в●ти | =exel="":1}","{""kapk"":5,""Жan"":1,""Swift"":1,""Ralfus"":1,""=Caono="":1,""R E A P"":3,""D' Bearz"":2,""DeathVice"":2,""MrKravs33"":1,""airaparent"":2,""=LordBarst="":2,""Crazy_boots"":4,""Vomit Coffin"":3,""I_NoScoped_JFK"":2,""ﾒ Bobothemonk"":1,""Ξ FreeTheChickens"":1,""Ж | =Alotta Bush="":4,""в●ти | =exel="":1,""=Krombopulous_MYKL="":1,""MS | Smurf 我很爛"":1,""=Girth Brooks=(THICC)(CLWN)"":1}","413","1112","1000","320","{""M1 GARAND"":40}","{""MG42"":6,""STG44"":6,""SATCHEL"":1,""GEWEHR 43"":15,""KARABINER 98K"":1,""20MM KWK 30 [Sd.Kfz.121 Luchs]"":1}"
"76561197983252948","Ж | yourmomsmother","11","3","3.67","8","0.13","0.04","1","1","0","0","2250","909","{""Will b"":1,""=lolships="":1,""вит | Phat_Cheeks57"":1}","{""kapk"":2,""Ralfus"":2,""=Vidar="":1,""=LordFarquaad="":1,""вит | Ventil8"":2,""ВOTИ | Archytek"":1,""Ж | =Alotta Bush="":1,""вит | Phat_Cheeks57"":1}","663","200","1180","380","{""Sherman M4A3E2(76)"":1,""HULL M1919 [Stuart M5A1]"":2,""HULL M1919 [Sherman M4A3E2(76)]"":8}","{""BOMBING RUN"":1,""PANZERSCHRECK"":1,""88 KWK 36 L/56 [Sd.Kfz.181 Tiger 1]"":1}"
"76561198018951612","Ж | Orangeblack","7","6","1.17","4","0.08","0.07","2","0","0","0","1828","192","{""DJ"":1,""MrKravs33"":1,""BasicallyZack"":2,""=LordFarquaad="":2}","{""Rob491"":1,""=Oresto="":1,""=Krusader="":1,""airaparent"":1,""ﾒ Bobothemonk"":1,""=Krombopulous_MYKL="":1,""=Girth Brooks=(THICC)(CLWN)"":1}","1029","125","1400","100","{""HULL M1919"":1,""HULL M1919 [Stuart M5A1]"":1,""HULL M1919 [Sherman M4A3E2(76)]"":5}","{""SATCHEL"":1,""KARABINER 98K"":1,""PANZERSCHRECK"":1,""150MM HOWITZER [sFH 18]"":1,""88 KWK 36 L/56 [Sd.Kfz.181 Tiger 1]"":2}"
"76561198079076707","Swift","33","54","0.61","5","0.4","0.65","10","0","0","0","328","18","{""PUCK"":2,""FLERG"":2,""JЖCK"":1,""Large"":1,""Mongo"":1,""zesty"":3,""MUG..."":2,""Ξ Sanzu"":4,""Convenant"":5,""Ж | Mage"":1,""Ж | Rath"":1,""wolf pussy"":2,""нѕ | nes"":1,""Ж | Davako"":3,""Ж | GasMask"":1,""Ж | PiscisK"":1,""Ж | Whiskey"":2,""PapaBearBaker"":2,""Ж | Tadiktor"":1,""Ж︎ | bones"":1,""TouchMyGangsta"":2,""Ж | y U h ※"":3,""Ж︎ | Poptart"":3,""Ж | Eragon123※"":2,""• The China Guy"":3,""Ж | Crystal Claude"":1,""Ж︎ | No Chill Anna"":1,""Ж︎ | Foxhole Norman"":1,""My Ego > Bad Intentions"":1}","{""."":2,""PUCK"":2,""FLERG"":2,""Large"":1,""Mongo"":2,""MUG..."":1,""Ξ Sanzu"":2,""Ж | Wix"":2,""Stellar-INF"":1,""нs | Widow"":2,""Ж | PiscisK"":1,""PapaBearBaker"":4,""Ж | y U h ※"":1,""Ж︎ | Poptart"":1,""Ж︎ | Foxhole Norman"":7,""My Ego > Bad Intentions"":1,""Ж︎ | -TL- Monster_Corndog"":1}","325","1015","500","640","{""GEWEHR 43"":33}","{""BAZOOKA"":1,""M1 GARAND"":42,""M1 CARBINE"":1,""MK2 GRENADE"":1,""BROWNING M1919"":6,""155MM HOWITZER [M114]"":1,""76MM M1 GUN [Sherman M4A3E2(76)]"":2}"
"76561199015693279","Ж︎ | bones","12","38","0.32","5","0.14","0.45","10","0","2","1","380","25","{""DJ"":5,""Жan"":3,""=R3C0N="":1,""R E A P"":1,""=Oresto="":1,""D' Bearz"":2,""DeathVice"":2,""More Ghana"":1,""airaparent"":1,""父 =Hodgy="":1,""SeatingChart"":1,""Vomit Coffin"":1,""=LordFarquaad="":1,""I_NoScoped_JFK"":3,""=Just Win Baby="":2,""ﾒ Bobothemonk"":2,""=Gatrick Swayze="":1,""Ξ FreeTheChickens"":2,""Ж | =Alotta Bush="":2,""в●ти | =exel="":1,""вит | Phat_Cheeks57"":1,""Ξ вит | 季赛冠军"":1,""=Girth Brooks=(THICC)(CLWN)"":2}","{""Swift"":1,""=Oresto="":2,""D' Bearz"":1,""MrKravs33"":2,""airaparent"":1,""I_NoScoped_JFK"":1,""Ж | =Alotta Bush="":1,""вит | Phat_Cheeks57"":1,""Ξ вит | Comrade Grimm"":1,""=Girth Brooks=(THICC)(CLWN)"":1}","160","255","1140","60","{""M1 CARBINE"":12}","{""MG42"":4,""MP40"":2,""STG44"":3,""GEWEHR 43"":19,""LUGER P08"":1,""KARABINER 98K"":3,""150MM HOWITZER [sFH 18]"":5,""20MM KWK 30 [Sd.Kfz.121 Luchs]"":1}"
"76561198015324286","Ж︎ | Poptart","73","32","2.28","18","0.88","0.39","6","0","0","0","546","16","{""DJ"":2,""B3n"":6,""Жan"":1,""Swift"":1,""Will b"":1,""R E A P"":1,""DeathVice"":2,""MrKravs33"":1,""=Krusader="":3,""=Wurlstar="":1,""airaparent"":1,""SeatingChart"":2,""Vomit Coffin"":2,""WinnableSleet"":1,""I_NoScoped_JFK"":3,""=Just Win Baby="":1,""Ξ FreeTheChickens"":1,""=Krombopulous_MYKL="":1,""вит | Phat_Cheeks57"":1}","{""B3n"":3,""kapk"":6,""Жan"":4,""Swift"":3,""Ralfus"":3,""=Nerdy="":1,""R E A P"":4,""=Oresto="":1,""D' Bearz"":3,""MrKravs33"":5,""=Krusader="":2,""=Wurlstar="":4,""airaparent"":5,""=LordBarst="":2,""Capt.Taylor"":1,""SeatingChart"":3,""Vomit Coffin"":3,""=LordFarquaad="":1,""=Just Win Baby="":3,""ﾒ Bobothemonk"":3,""=Gatrick Swayze="":2,""ВOTИ | Archytek"":1,""Ж | =Alotta Bush="":1,""=Krombopulous_MYKL="":3,""вит | Phat_Cheeks57"":4,""=Girth Brooks=(THICC)(CLWN)"":2}","735","512","900","420","{""BAZOOKA"":1,""M3 KNIFE"":1,""M1 GARAND"":68,""M1 CARBINE"":1,""M2 AP MINE"":1,""MK2 GRENADE"":1}","{""MG42"":13,""STG44"":1,""FG42 x4"":1,""GEWEHR 43"":13,""KARABINER 98K"":1,""150MM HOWITZER [sFH 18]"":2,""75MM CANNON [Sd.Kfz.161 Panzer IV]"":1}"
"76561198327795431","Everblack","6","5","1.2","3","0.07","0.06","2","1","1","1","1909","94","{""Will b"":1,""SeatingChart"":1,""Ж | =Alotta Bush="":1,""MS | Smurf 我很爛"":2}","{""Жan"":1,""ULFBERHT"":1,""=ApachiJr="":1,""More Ghana"":1,""I_NoScoped_JFK"":1,""ﾒ Bobothemonk"":1}","57","2984","1620","0","{""M1 GARAND"":2,""BOMBING RUN"":2,""PRECISION STRIKE"":2}","{""GEWEHR 43"":4,""BOMBING RUN"":1}"
"76561197979962060","Ж | Badger™","5","5","1","3","0.06","0.06","3","0","0","0","1767","137","{""DJ"":1,""B3n"":1,""Rob491"":1,""Crazy_boots"":1,""Vomit Coffin"":1}","{""Жan"":1,""=Nerdy="":1,""SeatingChart"":1,""Vomit Coffin"":1,""ВOTИ | Archytek"":1}","605","605","1160","380","{""COLT M1911"":4,""HULL M1919 [Sherman M4A3E2(76)]"":1}","{""STG44"":2,""PANZERSCHRECK"":2,""150MM HOWITZER [sFH 18]"":1}"
"76561199636267887","Ж | =Alotta Bush=","34","65","0.52","3","0.41","0.78","6","0","0","0","274","18","{""PUCK"":1,""FLERG"":7,""JЖCK"":1,""Large"":1,""Mongo"":6,""Trots"":2,""zesty"":1,""MUG..."":1,""Ξ Sanzu"":7,""Convenant"":1,""Ж | Mage"":4,""Ж | Rath"":4,""✿ Seely"":1,""》Sherby"":1,""нѕ | nes"":4,""Ж | Davako"":1,""Ж | Whiskey"":1,""PapaBearBaker"":1,""Ж | DankNugz"":1,""Ж︎ | bones"":1,""TouchMyGangsta"":2,""Ж | y U h ※"":1,""DooperDupinskie"":2,""Ж︎ | Poptart"":1,""Ж | wildcard.NS"":1,""Ж | Eragon123※"":4,""Ж | yourmomsmother"":1,""Ж︎ | No Chill Anna"":1,""Ж︎ | Foxhole Norman"":1,""Ж︎ | -TL- Monster_Corndog"":4}","{""PUCK"":1,""FLERG"":2,""Mongo"":4,""Ξ Sanzu"":4,""Convenant"":4,""Everblack"":1,""Ж | Rath"":1,""✿ Seely"":2,""》Sherby"":1,""нѕ | nes"":1,""Stellar-INF"":1,""Ж | Davako"":3,""Ж | PiscisK"":1,""PapaBearBaker"":2,""Ж | DankNugz"":1,""Ж︎ | bones"":2,""Ж | Eragon123※"":1,""Ж︎ | No Chill Anna"":1,""My Ego > Bad Intentions"":1}","330","640","480","580","{""GEWEHR 43"":34}","{""M1 GARAND"":45,""COLT M1911"":1,""M1 CARBINE"":1,""BROWNING M1919"":9,""155MM HOWITZER [M114]"":4,""M6 37mm [M8 Greyhound]"":1,""37MM CANNON [Stuart M5A1]"":1,""HULL M1919 [Sherman M4A3E2(76)]"":1,""76MM M1 GUN [Sherman M4A3E2(76)]"":1,""COAXIAL M1919 [Sherman M4A3E2(76)]"":1}"
"76561198172268343","Ж | HeiZa","2","5","0.4","2","0.02","0.06","3","0","0","0","2330","402","{""=R3C0N="":1,""MrKravs33"":1,""BasicallyZack"":2,""=LordFarquaad="":1}","{""вит | Ventil8"":1,""Ξ FreeTheChickens"":1}","1063","205","1420","100","{""HULL M1919 [Sherman M4A3E2(76)]"":2}","{""SATCHEL"":1,""PANZERSCHRECK"":1,""88 KWK 36 L/56 [Sd.Kfz.181 Tiger 1]"":3}"
"76561197999168887","Convenant","126","58","2.17","14","1.48","0.68","3","1","6","1","259","19","{""DJ"":2,""B3n"":3,""kapk"":2,""Жan"":1,""Will b"":1,""=Nerdy="":1,""=Oresto="":1,""D' Bearz"":1,""DeathVice"":4,""MrKravs33"":1,""=Krusader="":2,""airaparent"":2,""Capt.Taylor"":1,""Crazy_boots"":2,""SeatingChart"":1,""Vomit Coffin"":2,""WinnableSleet"":1,""=LordFarquaad="":2,""I_NoScoped_JFK"":4,""=Just Win Baby="":5,""=Gatrick Swayze="":1,""вит | Ventil8"":1,""ВOTИ | Archytek"":1,""Ξ FreeTheChickens"":4,""Ж | =Alotta Bush="":4,""вит | Phat_Cheeks57"":2,""Ξ вит | 季赛冠军"":4,""=Girth Brooks=(THICC)(CLWN)"":2}","{""B3n"":4,""kapk"":1,""Жan"":3,""Swift"":5,""Ralfus"":5,""Will b"":1,""=Caono="":2,""=Vidar="":1,""R E A P"":1,""=Oresto="":11,""D' Bearz"":4,""MrKravs33"":1,""=Wurlstar="":3,""More Ghana"":1,""airaparent"":9,""=LordBarst="":1,""Capt.Taylor"":2,""Crazy_boots"":8,""SeatingChart"":3,""Vomit Coffin"":11,""WinnableSleet"":2,""=LordFarquaad="":3,""I_NoScoped_JFK"":8,""=Just Win Baby="":2,""ﾒ Bobothemonk"":1,""=Gatrick Swayze="":5,""вит | Ventil8"":1,""ВOTИ | Archytek"":4,""Ξ FreeTheChickens"":3,""Ж | =Alotta Bush="":1,""в●ти | =exel="":5,""=Krombopulous_MYKL="":1,""вит | Phat_Cheeks57"":7,""Ξ вит | 季赛冠军"":2,""Ξ вит | Comrade Grimm"":1,""=Girth Brooks=(THICC)(CLWN)"":3}","1154","200","700","340","{""SATCHEL"":4,""M1 GARAND"":114,""MK2 GRENADE"":4,""M1A1 THOMPSON"":1,""M3 GREASE GUN"":3}","{""MG42"":12,""MP40"":1,""STG44"":3,""S-MINE"":1,""FG42 x4"":2,""GEWEHR 43"":32,""PANZERSCHRECK"":1,""KARABINER 98K x8"":1,""M43 STIELHANDGRANATE"":2,""150MM HOWITZER [sFH 18]"":2,""COAXIAL MG34 [Sd.Kfz.181 Tiger 1]"":1}"
"76561198131072975","=Oresto=","55","79","0.7","4","0.65","0.94","5","0","1","1","162","14","{""PUCK"":3,""FLERG"":4,""JЖCK"":2,""Large"":4,""Mongo"":3,""Trots"":1,""MUG..."":5,""Ξ Sanzu"":2,""Convenant"":11,""Ж | Mage"":1,""Ж | Rath"":6,""✿ Seely"":9,""》Sherby"":3,""wolf pussy"":1,""Stellar-INF"":1,""Ж | Davako"":2,""нs | Widow"":1,""Ж | PiscisK"":3,""PapaBearBaker"":1,""Ж | Tadiktor"":1,""Ж︎ | bones"":2,""TouchMyGangsta"":2,""Ж︎ | Poptart"":1,""Ж | Orangeblack"":1,""Ж | Eragon123※"":2,""• The China Guy"":1,""Ж | Crystal Claude"":1,""My Ego > Bad Intentions"":1,""Ж︎ | -TL- Monster_Corndog"":4}","{""PUCK"":2,""FLERG"":2,""Large"":5,""Mongo"":1,""MUG..."":1,""Ξ Sanzu"":4,""Ж | 3fm"":1,""Ж | Wix"":1,""Convenant"":1,""Ж | Rath"":6,""✿ Seely"":7,""》Sherby"":3,""wolf pussy"":1,""Stellar-INF"":1,""Ж | Davako"":2,""нs | Widow"":5,""Ж | PiscisK"":1,""PapaBearBaker"":1,""Ж︎ | bones"":1,""TouchMyGangsta"":1,""Ж | wildcard.NS"":1,""Ж | Eragon123※"":1,""• The China Guy"":1,""Ж︎ | No Chill Anna"":1,""Ж︎ | Foxhole Norman"":1,""Ж︎ | -TL- Monster_Corndog"":3}","508","320","320","580","{""MP40"":2,""STG44"":28,""SATCHEL"":1,""GEWEHR 43"":14,""FELDSPATEN"":1,""KARABINER 98K"":9}","{""SATCHEL"":1,""M1 GARAND"":57,""M1 CARBINE"":2,""MK2 GRENADE"":1,""M1A1 THOMPSON"":2,""M3 GREASE GUN"":1,""BROWNING M1919"":9,""155MM HOWITZER [M114]"":1,""HULL M1919 [Sherman M4A3E2(76)]"":1,""76MM M1 GUN [Sherman M4A3E2(76)]"":3,""COAXIAL M1919 [Sherman M4A3E2(76)]"":1}"
"76561198083137738","Stellar-INF","16","44","0.36","4","0.19","0.53","12","1","0","0","337","16","{""DJ"":7,""B3n"":2,""Жan"":1,""Swift"":1,""Will b"":4,""R E A P"":5,""=Oresto="":1,""=Wurlstar="":1,""airaparent"":3,""=LordBarst="":2,""Capt.Taylor"":1,""WhiskyPilot"":1,""SeatingChart"":1,""Vomit Coffin"":1,""WinnableSleet"":1,""=LordFarquaad="":1,""I_NoScoped_JFK"":2,""=Just Win Baby="":1,""ﾒ Bobothemonk"":2,""=Gatrick Swayze="":2,""Ж | =Alotta Bush="":1,""=Girth Brooks=(THICC)(CLWN)"":3}","{""B3n"":1,""kapk"":1,""=Nerdy="":1,""R E A P"":3,""=Oresto="":1,""D' Bearz"":1,""=Wurlstar="":2,""Vomit Coffin"":1,""ﾒ Bobothemonk"":1,""=Gatrick Swayze="":1,""ВOTИ | Archytek"":2,""вит | Phat_Cheeks57"":1}","270","25","520","380","{""M1 GARAND"":6,""M1A1 THOMPSON"":10}","{""MG42"":3,""STG44"":5,""SATCHEL"":2,""GEWEHR 43"":23,""STRAFING RUN"":1,""KARABINER 98K"":1,""150MM HOWITZER [sFH 18]"":7,""COAXIAL MG34 [Sd.Kfz.181 Tiger 1]"":1,""75MM CANNON [Sd.Kfz.161 Panzer IV]"":1}"
"76561198187836831","Ж | Crystal Claude","45","68","0.66","4","0.54","0.82","5","0","1","1","205","18","{""DJ"":4,""B3n"":7,""kapk"":2,""Ralfus"":1,""Will b"":1,""=Caono="":1,""=R3C0N="":2,""R E A P"":7,""D' Bearz"":1,""DeathVice"":1,""MrKravs33"":4,""=Krusader="":3,""=Wurlstar="":9,""More Ghana"":1,""airaparent"":1,""Crazy_boots"":2,""WhiskyPilot"":1,""I_NoScoped_JFK"":1,""=Just Win Baby="":4,""ﾒ Bobothemonk"":3,""ВOTИ | Archytek"":3,""=Krombopulous_MYKL="":1,""вит | Phat_Cheeks57"":3,""=Girth Brooks=(THICC)(CLWN)"":5}","{""B3n"":1,""kapk"":3,""Swift"":1,""Ralfus"":3,""Rob491"":1,""R E A P"":7,""=Oresto="":1,""D' Bearz"":1,""ULFBERHT"":1,""MrKravs33"":4,""=Krusader="":2,""=Wurlstar="":5,""airaparent"":1,""=LordBarst="":1,""Capt.Taylor"":1,""SeatingChart"":1,""Vomit Coffin"":1,""=Just Win Baby="":2,""ﾒ Bobothemonk"":2,""ВOTИ | Archytek"":1,""=Krombopulous_MYKL="":1,""вит | Phat_Cheeks57"":1,""=Girth Brooks=(THICC)(CLWN)"":3}","454","195","680","300","{""M1 GARAND"":45}","{""MG42"":15,""MP40"":1,""STG44"":6,""SATCHEL"":1,""GEWEHR 43"":31,""STRAFING RUN"":1,""KARABINER 98K"":5,""PANZERSCHRECK"":1,""75MM CANNON [PAK 40]"":1,""150MM HOWITZER [sFH 18]"":4,""20MM KWK 30 [Sd.Kfz.121 Luchs]"":1,""88 KWK 36 L/56 [Sd.Kfz.181 Tiger 1]"":1}"
"76561198808485871","=Gatrick Swayze=","19","62","0.31","3","0.23","0.75","12","0","0","0","304","13","{""."":1,""PUCK"":1,""FLERG"":2,""JЖCK"":3,""Large"":1,""Mongo"":5,""Trots"":2,""Ξ Sanzu"":5,""Ж | Wix"":1,""Convenant"":5,""Ж | Mage"":9,""Ж | Rath"":3,""✿ Seely"":5,""》Sherby"":2,""wolf pussy"":2,""Stellar-INF"":1,""нs | Widow"":1,""Ж | PiscisK"":1,""Ж | DankNugz"":1,""TouchMyGangsta"":1,""Ж︎ | Poptart"":2,""Ж | wildcard.NS"":2,""Ж | Eragon123※"":4,""Ж︎ | No Chill Anna"":1,""My Ego > Bad Intentions"":1}","{""PUCK"":2,""Mongo"":1,""Ξ Sanzu"":4,""Convenant"":1,""✿ Seely"":1,""》Sherby"":2,""Stellar-INF"":2,""Ж | Davako"":1,""нs | Widow"":2,""Ж | GasMask"":1,""Ж︎ | bones"":1,""Ж | wildcard.NS"":1}","466","440","460","460","{""MG42"":2,""MP40"":1,""STG44"":4,""S-MINE"":2,""KARABINER 98K"":7,""PANZERSCHRECK"":3}","{""M1 GARAND"":32,""COLT M1911"":1,""M2 AP MINE"":1,""M1918A2 BAR"":2,""MK2 GRENADE"":1,""M1A1 THOMPSON"":1,""BROWNING M1919"":6,""155MM HOWITZER [M114]"":9,""57MM CANNON [M1 57mm]"":1,""M6 37mm [M8 Greyhound]"":3,""75MM CANNON [Sherman M4A3(75)W]"":2,""76MM M1 GUN [Sherman M4A3E2(76)]"":3}"
"76561198244027644","TouchMyGangsta","52","13","4","20","0.62","0.15","3","0","1","1","1106","-79","{""B3n"":2,""kapk"":4,""Will b"":1,""=Oresto="":1,""airaparent"":3,""WhiskyPilot"":1,""=Just Win Baby="":1}","{""B3n"":2,""kapk"":3,""Жan"":1,""Swift"":2,""Ralfus"":3,""Will b"":1,""=Caono="":2,""R E A P"":4,""=Oresto="":2,""D' Bearz"":2,""DeathVice"":1,""MrKravs33"":3,""=Krusader="":2,""=Wurlstar="":2,""=LordBarst="":3,""Capt.Taylor"":1,""Crazy_boots"":2,""SeatingChart"":1,""Vomit Coffin"":2,""ﾒ Bobothemonk"":1,""=Gatrick Swayze="":1,""Ж | =Alotta Bush="":2,""в●ти | =exel="":1,""=Krombopulous_MYKL="":1,""вит | Phat_Cheeks57"":5,""=Girth Brooks=(THICC)(CLWN)"":2}","673","155","1220","240","{""BROWNING M1919"":52}","{""MG42"":2,""MP40"":1,""GEWEHR 43"":9,""COAXIAL MG34 [Sd.Kfz.181 Tiger 1]"":1}"
"76561198143454140","MUG...","49","35","1.4","6","0.59","0.42","4","0","0","0","484","18","{""DJ"":6,""Жan"":1,""Swift"":1,""Will b"":1,""=Nerdy="":1,""=Oresto="":1,""D' Bearz"":2,""DeathVice"":1,""airaparent"":1,""Crazy_boots"":1,""SeatingChart"":1,""Vomit Coffin"":5,""=LordFarquaad="":4,""I_NoScoped_JFK"":1,""вит | Ventil8"":1,""Ξ FreeTheChickens"":4,""в●ти | =exel="":1,""=Krombopulous_MYKL="":1,""Ξ вит | 季赛冠军"":1}","{""B3n"":2,""Swift"":2,""Ralfus"":1,""Rob491"":1,""=Caono="":1,""=Nerdy="":2,""=Vidar="":1,""=Oresto="":5,""D' Bearz"":1,""Capt.Taylor"":1,""Crazy_boots"":1,""SeatingChart"":3,""Vomit Coffin"":1,""=LordFarquaad="":5,""I_NoScoped_JFK"":1,""=Just Win Baby="":1,""ﾒ Bobothemonk"":2,""вит | Ventil8"":4,""Ξ FreeTheChickens"":5,""Ж | =Alotta Bush="":1,""в●ти | =exel="":1,""=Krombopulous_MYKL="":3,""вит | Phat_Cheeks57"":1,""Ξ вит | 季赛冠军"":3}","421","924","1260","60","{""M1 GARAND"":49}","{""MG42"":1,""MP40"":1,""STG44"":5,""S-MINE"":1,""FG42 x4"":1,""SATCHEL"":2,""GEWEHR 43"":15,""KARABINER 98K"":2,""KARABINER 98K x8"":1,""150MM HOWITZER [sFH 18]"":6}"
"76561198021428725","Ж | Tadiktor","43","6","7.17","29","0.51","0.07","2","1","0","0","2330","90","{""=R3C0N="":1,""MrKravs33"":1,""BasicallyZack"":2,""=LordFarquaad="":1,""=Krombopulous_MYKL="":1}","{""kapk"":1,""Swift"":1,""Ralfus"":3,""Rob491"":3,""=Caono="":1,""=R3C0N="":3,""R E A P"":1,""=Oresto="":1,""ULFBERHT"":2,""DeathVice"":1,""MrKravs33"":2,""=ApachiJr="":2,""=Wurlstar="":1,""=lolships="":3,""父 =Hodgy="":4,""BasicallyZack"":4,""I_NoScoped_JFK"":1,""вит | Ventil8"":1,""ВOTИ | Archytek"":1,""Ξ FreeTheChickens"":2,""в●ти | =exel="":1,""=Krombopulous_MYKL="":2,""вит | Phat_Cheeks57"":1,""Ξ вит | Comrade Grimm"":1}","1143","65","1420","100","{""37MM CANNON [Stuart M5A1]"":6,""COAXIAL M1919 [Stuart M5A1]"":1,""76MM M1 GUN [Sherman M4A3E2(76)]"":32,""COAXIAL M1919 [Sherman M4A3E2(76)]"":4}","{""SATCHEL"":1,""GEWEHR 43"":1,""PANZERSCHRECK"":1,""88 KWK 36 L/56 [Sd.Kfz.181 Tiger 1]"":3}"
"76561198416924446","PapaBearBaker","31","32","0.97","3","0.37","0.38","4","0","0","0","982","24","{""DJ"":3,""B3n"":2,""kapk"":1,""Жan"":3,""Swift"":4,""Will b"":1,""=Vidar="":1,""R E A P"":2,""=Oresto="":1,""DeathVice"":1,""MrKravs33"":1,""SeatingChart"":1,""I_NoScoped_JFK"":1,""ﾒ Bobothemonk"":1,""вит | Ventil8"":1,""Ξ FreeTheChickens"":2,""Ж | =Alotta Bush="":2,""MS | Smurf 我很爛"":1,""Ξ вит | 季赛冠军"":2,""=Girth Brooks=(THICC)(CLWN)"":1}","{""kapk"":2,""Жan"":1,""Swift"":2,""=Vidar="":1,""R E A P"":2,""=Oresto="":1,""SeatingChart"":1,""Vomit Coffin"":1,""=LordFarquaad="":5,""I_NoScoped_JFK"":1,""=Just Win Baby="":1,""ﾒ Bobothemonk"":3,""вит | Ventil8"":2,""Ж | =Alotta Bush="":1,""в●ти | =exel="":4,""вит | Phat_Cheeks57"":1,""Ξ вит | 季赛冠军"":2}","308","425","1280","0","{""BAZOOKA"":1,""M1 GARAND"":25,""M3 GREASE GUN"":5}","{""MG42"":3,""STG44"":4,""GEWEHR 43"":18,""BOMBING RUN"":1,""KARABINER 98K"":2,""M43 STIELHANDGRANATE"":1,""150MM HOWITZER [sFH 18]"":3}"